DATAFLOW,LAST UPDATE,freq,unit,age,sex,geo,TIME_PERIOD,OBS_VALUE,OBS_FLAG,CONF_STATUS
ESTAT:DEMO_PJAN(1.0),04/12/25 23:00:00,A,NR,TOTAL,F,FR,2020,34828670,,
ESTAT:DEMO_PJAN(1.0),04/12/25 23:00:00,A,NR,TOTAL,F,FR,2021,34946473,,
ESTAT:DEMO_PJAN(1.0),04/12/25 23:00:00,A,NR,TOTAL,F,FR,2022,35109077,,
ESTAT:DEMO_PJAN(1.0),04/12/25 23:00:00,A,NR,TOTAL,F,FR,2023,35188809,p,
ESTAT:DEMO_PJAN(1.0),04/12/25 23:00:00,A,NR,TOTAL,F,FR,2024,35271283,p,
ESTAT:DEMO_PJAN(1.0),04/12/25 23:00:00,A,NR,TOTAL,M,FR,2020,32644981,,
ESTAT:DEMO_PJAN(1.0),04/12/25 23:00:00,A,NR,TOTAL,M,FR,2021,32782095,,
ESTAT:DEMO_PJAN(1.0),04/12/25 23:00:00,A,NR,TOTAL,M,FR,2022,32982626,,
ESTAT:DEMO_PJAN(1.0),04/12/25 23:00:00,A,NR,TOTAL,M,FR,2023,33088401,p,
ESTAT:DEMO_PJAN(1.0),04/12/25 23:00:00,A,NR,TOTAL,M,FR,2024,33196079,p,
ESTAT:DEMO_PJAN(1.0),04/12/25 23:00:00,A,NR,UNK,F,FR,2020,0,,
ESTAT:DEMO_PJAN(1.0),04/12/25 23:00:00,A,NR,UNK,F,FR,2021,0,,
ESTAT:DEMO_PJAN(1.0),04/12/25 23:00:00,A,NR,UNK,F,FR,2022,0,,
ESTAT:DEMO_PJAN(1.0),04/12/25 23:00:00,A,NR,UNK,F,FR,2023,0,p,
ESTAT:DEMO_PJAN(1.0),04/12/25 23:00:00,A,NR,UNK,F,FR,2024,0,p,
ESTAT:DEMO_PJAN(1.0),04/12/25 23:00:00,A,NR,UNK,M,FR,2020,0,,
ESTAT:DEMO_PJAN(1.0),04/12/25 23:00:00,A,NR,UNK,M,FR,2021,0,,
ESTAT:DEMO_PJAN(1.0),04/12/25 23:00:00,A,NR,UNK,M,FR,2022,0,,
ESTAT:DEMO_PJAN(1.0),04/12/25 23:00:00,A,NR,UNK,M,FR,2023,0,p,
ESTAT:DEMO_PJAN(1.0),04/12/25 23:00:00,A,NR,UNK,M,FR,2024,0,p,
ESTAT:DEMO_PJAN(1.0),04/12/25 23:00:00,A,NR,Y1,F,FR,2020,349815,,
ESTAT:DEMO_PJAN(1.0),04/12/25 23:00:00,A,NR,Y1,F,FR,2021,347675,,
ESTAT:DEMO_PJAN(1.0),04/12/25 23:00:00,A,NR,Y1,F,FR,2022,340571,,
ESTAT:DEMO_PJAN(1.0),04/12/25 23:00:00,A,NR,Y1,F,FR,2023,340994,p,
ESTAT:DEMO_PJAN(1.0),04/12/25 23:00:00,A,NR,Y1,F,FR,2024,332946,p,
ESTAT:DEMO_PJAN(1.0),04/12/25 23:00:00,A,NR,Y1,M,FR,2020,367944,,
ESTAT:DEMO_PJAN(1.0),04/12/25 23:00:00,A,NR,Y1,M,FR,2021,365187,,
ESTAT:DEMO_PJAN(1.0),04/12/25 23:00:00,A,NR,Y1,M,FR,2022,354510,,
ESTAT:DEMO_PJAN(1.0),04/12/25 23:00:00,A,NR,Y1,M,FR,2023,356966,p,
ESTAT:DEMO_PJAN(1.0),04/12/25 23:00:00,A,NR,Y1,M,FR,2024,348295,p,
ESTAT:DEMO_PJAN(1.0),04/12/25 23:00:00,A,NR,Y10,F,FR,2020,412511,,
ESTAT:DEMO_PJAN(1.0),04/12/25 23:00:00,A,NR,Y10,F,FR,2021,419935,,
ESTAT:DEMO_PJAN(1.0),04/12/25 23:00:00,A,NR,Y10,F,FR,2022,411061,,
ESTAT:DEMO_PJAN(1.0),04/12/25 23:00:00,A,NR,Y10,F,FR,2023,410251,p,
ESTAT:DEMO_PJAN(1.0),04/12/25 23:00:00,A,NR,Y10,F,FR,2024,405117,p,
ESTAT:DEMO_PJAN(1.0),04/12/25 23:00:00,A,NR,Y10,M,FR,2020,432788,,
ESTAT:DEMO_PJAN(1.0),04/12/25 23:00:00,A,NR,Y10,M,FR,2021,438923,,
ESTAT:DEMO_PJAN(1.0),04/12/25 23:00:00,A,NR,Y10,M,FR,2022,430003,,
ESTAT:DEMO_PJAN(1.0),04/12/25 23:00:00,A,NR,Y10,M,FR,2023,429690,p,
ESTAT:DEMO_PJAN(1.0),04/12/25 23:00:00,A,NR,Y10,M,FR,2024,424776,p,
ESTAT:DEMO_PJAN(1.0),04/12/25 23:00:00,A,NR,Y11,F,FR,2020,413632,,
ESTAT:DEMO_PJAN(1.0),04/12/25 23:00:00,A,NR,Y11,F,FR,2021,414325,,
ESTAT:DEMO_PJAN(1.0),04/12/25 23:00:00,A,NR,Y11,F,FR,2022,422363,,
ESTAT:DEMO_PJAN(1.0),04/12/25 23:00:00,A,NR,Y11,F,FR,2023,412933,p,
ESTAT:DEMO_PJAN(1.0),04/12/25 23:00:00,A,NR,Y11,F,FR,2024,412744,p,
ESTAT:DEMO_PJAN(1.0),04/12/25 23:00:00,A,NR,Y11,M,FR,2020,435923,,
ESTAT:DEMO_PJAN(1.0),04/12/25 23:00:00,A,NR,Y11,M,FR,2021,435622,,
ESTAT:DEMO_PJAN(1.0),04/12/25 23:00:00,A,NR,Y11,M,FR,2022,442520,,
ESTAT:DEMO_PJAN(1.0),04/12/25 23:00:00,A,NR,Y11,M,FR,2023,432525,p,
ESTAT:DEMO_PJAN(1.0),04/12/25 23:00:00,A,NR,Y11,M,FR,2024,432894,p,
ESTAT:DEMO_PJAN(1.0),04/12/25 23:00:00,A,NR,Y12,F,FR,2020,413255,,
ESTAT:DEMO_PJAN(1.0),04/12/25 23:00:00,A,NR,Y12,F,FR,2021,416359,,
ESTAT:DEMO_PJAN(1.0),04/12/25 23:00:00,A,NR,Y12,F,FR,2022,417455,,
ESTAT:DEMO_PJAN(1.0),04/12/25 23:00:00,A,NR,Y12,F,FR,2023,425269,p,
ESTAT:DEMO_PJAN(1.0),04/12/25 23:00:00,A,NR,Y12,F,FR,2024,416288,p,
ESTAT:DEMO_PJAN(1.0),04/12/25 23:00:00,A,NR,Y12,M,FR,2020,431152,,
ESTAT:DEMO_PJAN(1.0),04/12/25 23:00:00,A,NR,Y12,M,FR,2021,438988,,
ESTAT:DEMO_PJAN(1.0),04/12/25 23:00:00,A,NR,Y12,M,FR,2022,436941,,
ESTAT:DEMO_PJAN(1.0),04/12/25 23:00:00,A,NR,Y12,M,FR,2023,444562,p,
ESTAT:DEMO_PJAN(1.0),04/12/25 23:00:00,A,NR,Y12,M,FR,2024,435002,p,
ESTAT:DEMO_PJAN(1.0),04/12/25 23:00:00,A,NR,Y13,F,FR,2020,416635,,
ESTAT:DEMO_PJAN(1.0),04/12/25 23:00:00,A,NR,Y13,F,FR,2021,414915,,
ESTAT:DEMO_PJAN(1.0),04/12/25 23:00:00,A,NR,Y13,F,FR,2022,418581,,
ESTAT:DEMO_PJAN(1.0),04/12/25 23:00:00,A,NR,Y13,F,FR,2023,418870,p,
ESTAT:DEMO_PJAN(1.0),04/12/25 23:00:00,A,NR,Y13,F,FR,2024,427121,p,
ESTAT:DEMO_PJAN(1.0),04/12/25 23:00:00,A,NR,Y13,M,FR,2020,437450,,
ESTAT:DEMO_PJAN(1.0),04/12/25 23:00:00,A,NR,Y13,M,FR,2021,433509,,
ESTAT:DEMO_PJAN(1.0),04/12/25 23:00:00,A,NR,Y13,M,FR,2022,441453,,
ESTAT:DEMO_PJAN(1.0),04/12/25 23:00:00,A,NR,Y13,M,FR,2023,439434,p,
ESTAT:DEMO_PJAN(1.0),04/12/25 23:00:00,A,NR,Y13,M,FR,2024,447445,p,
ESTAT:DEMO_PJAN(1.0),04/12/25 23:00:00,A,NR,Y14,F,FR,2020,409209,,
ESTAT:DEMO_PJAN(1.0),04/12/25 23:00:00,A,NR,Y14,F,FR,2021,419144,,
ESTAT:DEMO_PJAN(1.0),04/12/25 23:00:00,A,NR,Y14,F,FR,2022,416003,,
ESTAT:DEMO_PJAN(1.0),04/12/25 23:00:00,A,NR,Y14,F,FR,2023,420833,p,
ESTAT:DEMO_PJAN(1.0),04/12/25 23:00:00,A,NR,Y14,F,FR,2024,421276,p,
ESTAT:DEMO_PJAN(1.0),04/12/25 23:00:00,A,NR,Y14,M,FR,2020,429084,,
ESTAT:DEMO_PJAN(1.0),04/12/25 23:00:00,A,NR,Y14,M,FR,2021,441875,,
ESTAT:DEMO_PJAN(1.0),04/12/25 23:00:00,A,NR,Y14,M,FR,2022,437447,,
ESTAT:DEMO_PJAN(1.0),04/12/25 23:00:00,A,NR,Y14,M,FR,2023,445210,p,
ESTAT:DEMO_PJAN(1.0),04/12/25 23:00:00,A,NR,Y14,M,FR,2024,443357,p,
ESTAT:DEMO_PJAN(1.0),04/12/25 23:00:00,A,NR,Y15,F,FR,2020,406904,,
ESTAT:DEMO_PJAN(1.0),04/12/25 23:00:00,A,NR,Y15,F,FR,2021,412722,,
ESTAT:DEMO_PJAN(1.0),04/12/25 23:00:00,A,NR,Y15,F,FR,2022,421681,,
ESTAT:DEMO_PJAN(1.0),04/12/25 23:00:00,A,NR,Y15,F,FR,2023,418740,p,
ESTAT:DEMO_PJAN(1.0),04/12/25 23:00:00,A,NR,Y15,F,FR,2024,423794,p,
ESTAT:DEMO_PJAN(1.0),04/12/25 23:00:00,A,NR,Y15,M,FR,2020,429204,,
ESTAT:DEMO_PJAN(1.0),04/12/25 23:00:00,A,NR,Y15,M,FR,2021,435401,,
ESTAT:DEMO_PJAN(1.0),04/12/25 23:00:00,A,NR,Y15,M,FR,2022,446887,,
ESTAT:DEMO_PJAN(1.0),04/12/25 23:00:00,A,NR,Y15,M,FR,2023,442711,p,
ESTAT:DEMO_PJAN(1.0),04/12/25 23:00:00,A,NR,Y15,M,FR,2024,450825,p,
ESTAT:DEMO_PJAN(1.0),04/12/25 23:00:00,A,NR,Y16,F,FR,2020,404512,,
ESTAT:DEMO_PJAN(1.0),04/12/25 23:00:00,A,NR,Y16,F,FR,2021,407196,,
ESTAT:DEMO_PJAN(1.0),04/12/25 23:00:00,A,NR,Y16,F,FR,2022,412026,,
ESTAT:DEMO_PJAN(1.0),04/12/25 23:00:00,A,NR,Y16,F,FR,2023,421881,p,
ESTAT:DEMO_PJAN(1.0),04/12/25 23:00:00,A,NR,Y16,F,FR,2024,418732,p,
ESTAT:DEMO_PJAN(1.0),04/12/25 23:00:00,A,NR,Y16,M,FR,2020,425764,,
ESTAT:DEMO_PJAN(1.0),04/12/25 23:00:00,A,NR,Y16,M,FR,2021,431715,,
ESTAT:DEMO_PJAN(1.0),04/12/25 23:00:00,A,NR,Y16,M,FR,2022,436316,,
ESTAT:DEMO_PJAN(1.0),04/12/25 23:00:00,A,NR,Y16,M,FR,2023,449002,p,
ESTAT:DEMO_PJAN(1.0),04/12/25 23:00:00,A,NR,Y16,M,FR,2024,444632,p,
ESTAT:DEMO_PJAN(1.0),04/12/25 23:00:00,A,NR,Y17,F,FR,2020,406636,,
ESTAT:DEMO_PJAN(1.0),04/12/25 23:00:00,A,NR,Y17,F,FR,2021,401213,,
ESTAT:DEMO_PJAN(1.0),04/12/25 23:00:00,A,NR,Y17,F,FR,2022,404620,,
ESTAT:DEMO_PJAN(1.0),04/12/25 23:00:00,A,NR,Y17,F,FR,2023,410428,p,
ESTAT:DEMO_PJAN(1.0),04/12/25 23:00:00,A,NR,Y17,F,FR,2024,419837,p,
ESTAT:DEMO_PJAN(1.0),04/12/25 23:00:00,A,NR,Y17,M,FR,2020,429015,,
ESTAT:DEMO_PJAN(1.0),04/12/25 23:00:00,A,NR,Y17,M,FR,2021,425188,,
ESTAT:DEMO_PJAN(1.0),04/12/25 23:00:00,A,NR,Y17,M,FR,2022,431894,,
ESTAT:DEMO_PJAN(1.0),04/12/25 23:00:00,A,NR,Y17,M,FR,2023,436828,p,
ESTAT:DEMO_PJAN(1.0),04/12/25 23:00:00,A,NR,Y17,M,FR,2024,448917,p,
ESTAT:DEMO_PJAN(1.0),04/12/25 23:00:00,A,NR,Y18,F,FR,2020,405716,,
ESTAT:DEMO_PJAN(1.0),04/12/25 23:00:00,A,NR,Y18,F,FR,2021,400497,,
ESTAT:DEMO_PJAN(1.0),04/12/25 23:00:00,A,NR,Y18,F,FR,2022,394696,,
ESTAT:DEMO_PJAN(1.0),04/12/25 23:00:00,A,NR,Y18,F,FR,2023,400138,p,
ESTAT:DEMO_PJAN(1.0),04/12/25 23:00:00,A,NR,Y18,F,FR,2024,403660,p,
ESTAT:DEMO_PJAN(1.0),04/12/25 23:00:00,A,NR,Y18,M,FR,2020,432581,,
ESTAT:DEMO_PJAN(1.0),04/12/25 23:00:00,A,NR,Y18,M,FR,2021,424336,,
ESTAT:DEMO_PJAN(1.0),04/12/25 23:00:00,A,NR,Y18,M,FR,2022,420666,,
ESTAT:DEMO_PJAN(1.0),04/12/25 23:00:00,A,NR,Y18,M,FR,2023,428805,p,
ESTAT:DEMO_PJAN(1.0),04/12/25 23:00:00,A,NR,Y18,M,FR,2024,432181,p,
ESTAT:DEMO_PJAN(1.0),04/12/25 23:00:00,A,NR,Y19,F,FR,2020,408005,,
ESTAT:DEMO_PJAN(1.0),04/12/25 23:00:00,A,NR,Y19,F,FR,2021,398030,,
ESTAT:DEMO_PJAN(1.0),04/12/25 23:00:00,A,NR,Y19,F,FR,2022,394173,,
ESTAT:DEMO_PJAN(1.0),04/12/25 23:00:00,A,NR,Y19,F,FR,2023,388414,p,
ESTAT:DEMO_PJAN(1.0),04/12/25 23:00:00,A,NR,Y19,F,FR,2024,392917,p,
ESTAT:DEMO_PJAN(1.0),04/12/25 23:00:00,A,NR,Y19,M,FR,2020,435511,,
ESTAT:DEMO_PJAN(1.0),04/12/25 23:00:00,A,NR,Y19,M,FR,2021,424258,,
ESTAT:DEMO_PJAN(1.0),04/12/25 23:00:00,A,NR,Y19,M,FR,2022,418495,,
ESTAT:DEMO_PJAN(1.0),04/12/25 23:00:00,A,NR,Y19,M,FR,2023,414423,p,
ESTAT:DEMO_PJAN(1.0),04/12/25 23:00:00,A,NR,Y19,M,FR,2024,421454,p,
ESTAT:DEMO_PJAN(1.0),04/12/25 23:00:00,A,NR,Y2,F,FR,2020,357036,,
ESTAT:DEMO_PJAN(1.0),04/12/25 23:00:00,A,NR,Y2,F,FR,2021,351372,,
ESTAT:DEMO_PJAN(1.0),04/12/25 23:00:00,A,NR,Y2,F,FR,2022,349522,,
ESTAT:DEMO_PJAN(1.0),04/12/25 23:00:00,A,NR,Y2,F,FR,2023,340855,p,
ESTAT:DEMO_PJAN(1.0),04/12/25 23:00:00,A,NR,Y2,F,FR,2024,342073,p,
ESTAT:DEMO_PJAN(1.0),04/12/25 23:00:00,A,NR,Y2,M,FR,2020,372662,,
ESTAT:DEMO_PJAN(1.0),04/12/25 23:00:00,A,NR,Y2,M,FR,2021,368082,,
ESTAT:DEMO_PJAN(1.0),04/12/25 23:00:00,A,NR,Y2,M,FR,2022,366786,,
ESTAT:DEMO_PJAN(1.0),04/12/25 23:00:00,A,NR,Y2,M,FR,2023,354950,p,
ESTAT:DEMO_PJAN(1.0),04/12/25 23:00:00,A,NR,Y2,M,FR,2024,358210,p,
ESTAT:DEMO_PJAN(1.0),04/12/25 23:00:00,A,NR,Y20,F,FR,2020,381760,,
ESTAT:DEMO_PJAN(1.0),04/12/25 23:00:00,A,NR,Y20,F,FR,2021,401636,,
ESTAT:DEMO_PJAN(1.0),04/12/25 23:00:00,A,NR,Y20,F,FR,2022,393925,,
ESTAT:DEMO_PJAN(1.0),04/12/25 23:00:00,A,NR,Y20,F,FR,2023,389084,p,
ESTAT:DEMO_PJAN(1.0),04/12/25 23:00:00,A,NR,Y20,F,FR,2024,382099,p,
ESTAT:DEMO_PJAN(1.0),04/12/25 23:00:00,A,NR,Y20,M,FR,2020,403001,,
ESTAT:DEMO_PJAN(1.0),04/12/25 23:00:00,A,NR,Y20,M,FR,2021,424625,,
ESTAT:DEMO_PJAN(1.0),04/12/25 23:00:00,A,NR,Y20,M,FR,2022,418132,,
ESTAT:DEMO_PJAN(1.0),04/12/25 23:00:00,A,NR,Y20,M,FR,2023,410612,p,
ESTAT:DEMO_PJAN(1.0),04/12/25 23:00:00,A,NR,Y20,M,FR,2024,405163,p,
ESTAT:DEMO_PJAN(1.0),04/12/25 23:00:00,A,NR,Y21,F,FR,2020,378720,,
ESTAT:DEMO_PJAN(1.0),04/12/25 23:00:00,A,NR,Y21,F,FR,2021,378987,,
ESTAT:DEMO_PJAN(1.0),04/12/25 23:00:00,A,NR,Y21,F,FR,2022,399106,,
ESTAT:DEMO_PJAN(1.0),04/12/25 23:00:00,A,NR,Y21,F,FR,2023,391404,p,
ESTAT:DEMO_PJAN(1.0),04/12/25 23:00:00,A,NR,Y21,F,FR,2024,385600,p,
ESTAT:DEMO_PJAN(1.0),04/12/25 23:00:00,A,NR,Y21,M,FR,2020,393403,,
ESTAT:DEMO_PJAN(1.0),04/12/25 23:00:00,A,NR,Y21,M,FR,2021,398097,,
ESTAT:DEMO_PJAN(1.0),04/12/25 23:00:00,A,NR,Y21,M,FR,2022,418968,,
ESTAT:DEMO_PJAN(1.0),04/12/25 23:00:00,A,NR,Y21,M,FR,2023,412361,p,
ESTAT:DEMO_PJAN(1.0),04/12/25 23:00:00,A,NR,Y21,M,FR,2024,403754,p,
ESTAT:DEMO_PJAN(1.0),04/12/25 23:00:00,A,NR,Y22,F,FR,2020,369062,,
ESTAT:DEMO_PJAN(1.0),04/12/25 23:00:00,A,NR,Y22,F,FR,2021,376834,,
ESTAT:DEMO_PJAN(1.0),04/12/25 23:00:00,A,NR,Y22,F,FR,2022,378962,,
ESTAT:DEMO_PJAN(1.0),04/12/25 23:00:00,A,NR,Y22,F,FR,2023,398187,p,
ESTAT:DEMO_PJAN(1.0),04/12/25 23:00:00,A,NR,Y22,F,FR,2024,389849,p,
ESTAT:DEMO_PJAN(1.0),04/12/25 23:00:00,A,NR,Y22,M,FR,2020,382773,,
ESTAT:DEMO_PJAN(1.0),04/12/25 23:00:00,A,NR,Y22,M,FR,2021,389425,,
ESTAT:DEMO_PJAN(1.0),04/12/25 23:00:00,A,NR,Y22,M,FR,2022,395016,,
ESTAT:DEMO_PJAN(1.0),04/12/25 23:00:00,A,NR,Y22,M,FR,2023,415575,p,
ESTAT:DEMO_PJAN(1.0),04/12/25 23:00:00,A,NR,Y22,M,FR,2024,408240,p,
ESTAT:DEMO_PJAN(1.0),04/12/25 23:00:00,A,NR,Y23,F,FR,2020,370715,,
ESTAT:DEMO_PJAN(1.0),04/12/25 23:00:00,A,NR,Y23,F,FR,2021,369424,,
ESTAT:DEMO_PJAN(1.0),04/12/25 23:00:00,A,NR,Y23,F,FR,2022,380126,,
ESTAT:DEMO_PJAN(1.0),04/12/25 23:00:00,A,NR,Y23,F,FR,2023,379614,p,
ESTAT:DEMO_PJAN(1.0),04/12/25 23:00:00,A,NR,Y23,F,FR,2024,398297,p,
ESTAT:DEMO_PJAN(1.0),04/12/25 23:00:00,A,NR,Y23,M,FR,2020,379028,,
ESTAT:DEMO_PJAN(1.0),04/12/25 23:00:00,A,NR,Y23,M,FR,2021,379222,,
ESTAT:DEMO_PJAN(1.0),04/12/25 23:00:00,A,NR,Y23,M,FR,2022,387500,,
ESTAT:DEMO_PJAN(1.0),04/12/25 23:00:00,A,NR,Y23,M,FR,2023,391487,p,
ESTAT:DEMO_PJAN(1.0),04/12/25 23:00:00,A,NR,Y23,M,FR,2024,411503,p,
ESTAT:DEMO_PJAN(1.0),04/12/25 23:00:00,A,NR,Y24,F,FR,2020,369559,,
ESTAT:DEMO_PJAN(1.0),04/12/25 23:00:00,A,NR,Y24,F,FR,2021,372996,,
ESTAT:DEMO_PJAN(1.0),04/12/25 23:00:00,A,NR,Y24,F,FR,2022,373631,,
ESTAT:DEMO_PJAN(1.0),04/12/25 23:00:00,A,NR,Y24,F,FR,2023,382452,p,
ESTAT:DEMO_PJAN(1.0),04/12/25 23:00:00,A,NR,Y24,F,FR,2024,381573,p,
ESTAT:DEMO_PJAN(1.0),04/12/25 23:00:00,A,NR,Y24,M,FR,2020,372727,,
ESTAT:DEMO_PJAN(1.0),04/12/25 23:00:00,A,NR,Y24,M,FR,2021,377145,,
ESTAT:DEMO_PJAN(1.0),04/12/25 23:00:00,A,NR,Y24,M,FR,2022,380690,,
ESTAT:DEMO_PJAN(1.0),04/12/25 23:00:00,A,NR,Y24,M,FR,2023,386383,p,
ESTAT:DEMO_PJAN(1.0),04/12/25 23:00:00,A,NR,Y24,M,FR,2024,389953,p,
ESTAT:DEMO_PJAN(1.0),04/12/25 23:00:00,A,NR,Y25,F,FR,2020,363396,,
ESTAT:DEMO_PJAN(1.0),04/12/25 23:00:00,A,NR,Y25,F,FR,2021,371121,,
ESTAT:DEMO_PJAN(1.0),04/12/25 23:00:00,A,NR,Y25,F,FR,2022,377114,,
ESTAT:DEMO_PJAN(1.0),04/12/25 23:00:00,A,NR,Y25,F,FR,2023,376127,p,
ESTAT:DEMO_PJAN(1.0),04/12/25 23:00:00,A,NR,Y25,F,FR,2024,384618,p,
ESTAT:DEMO_PJAN(1.0),04/12/25 23:00:00,A,NR,Y25,M,FR,2020,360358,,
ESTAT:DEMO_PJAN(1.0),04/12/25 23:00:00,A,NR,Y25,M,FR,2021,374896,,
ESTAT:DEMO_PJAN(1.0),04/12/25 23:00:00,A,NR,Y25,M,FR,2022,379450,,
ESTAT:DEMO_PJAN(1.0),04/12/25 23:00:00,A,NR,Y25,M,FR,2023,381840,p,
ESTAT:DEMO_PJAN(1.0),04/12/25 23:00:00,A,NR,Y25,M,FR,2024,387146,p,
ESTAT:DEMO_PJAN(1.0),04/12/25 23:00:00,A,NR,Y26,F,FR,2020,364211,,
ESTAT:DEMO_PJAN(1.0),04/12/25 23:00:00,A,NR,Y26,F,FR,2021,368694,,
ESTAT:DEMO_PJAN(1.0),04/12/25 23:00:00,A,NR,Y26,F,FR,2022,377017,,
ESTAT:DEMO_PJAN(1.0),04/12/25 23:00:00,A,NR,Y26,F,FR,2023,381634,p,
ESTAT:DEMO_PJAN(1.0),04/12/25 23:00:00,A,NR,Y26,F,FR,2024,380409,p,
ESTAT:DEMO_PJAN(1.0),04/12/25 23:00:00,A,NR,Y26,M,FR,2020,360932,,
ESTAT:DEMO_PJAN(1.0),04/12/25 23:00:00,A,NR,Y26,M,FR,2021,362075,,
ESTAT:DEMO_PJAN(1.0),04/12/25 23:00:00,A,NR,Y26,M,FR,2022,377664,,
ESTAT:DEMO_PJAN(1.0),04/12/25 23:00:00,A,NR,Y26,M,FR,2023,380931,p,
ESTAT:DEMO_PJAN(1.0),04/12/25 23:00:00,A,NR,Y26,M,FR,2024,383120,p,
ESTAT:DEMO_PJAN(1.0),04/12/25 23:00:00,A,NR,Y27,F,FR,2020,383211,,
ESTAT:DEMO_PJAN(1.0),04/12/25 23:00:00,A,NR,Y27,F,FR,2021,370096,,
ESTAT:DEMO_PJAN(1.0),04/12/25 23:00:00,A,NR,Y27,F,FR,2022,374925,,
ESTAT:DEMO_PJAN(1.0),04/12/25 23:00:00,A,NR,Y27,F,FR,2023,382484,p,
ESTAT:DEMO_PJAN(1.0),04/12/25 23:00:00,A,NR,Y27,F,FR,2024,386931,p,
ESTAT:DEMO_PJAN(1.0),04/12/25 23:00:00,A,NR,Y27,M,FR,2020,375476,,
ESTAT:DEMO_PJAN(1.0),04/12/25 23:00:00,A,NR,Y27,M,FR,2021,364272,,
ESTAT:DEMO_PJAN(1.0),04/12/25 23:00:00,A,NR,Y27,M,FR,2022,368262,,
ESTAT:DEMO_PJAN(1.0),04/12/25 23:00:00,A,NR,Y27,M,FR,2023,381492,p,
ESTAT:DEMO_PJAN(1.0),04/12/25 23:00:00,A,NR,Y27,M,FR,2024,384510,p,
ESTAT:DEMO_PJAN(1.0),04/12/25 23:00:00,A,NR,Y28,F,FR,2020,389755,,
ESTAT:DEMO_PJAN(1.0),04/12/25 23:00:00,A,NR,Y28,F,FR,2021,389690,,
ESTAT:DEMO_PJAN(1.0),04/12/25 23:00:00,A,NR,Y28,F,FR,2022,376980,,
ESTAT:DEMO_PJAN(1.0),04/12/25 23:00:00,A,NR,Y28,F,FR,2023,380857,p,
ESTAT:DEMO_PJAN(1.0),04/12/25 23:00:00,A,NR,Y28,F,FR,2024,388234,p,
ESTAT:DEMO_PJAN(1.0),04/12/25 23:00:00,A,NR,Y28,M,FR,2020,381021,,
ESTAT:DEMO_PJAN(1.0),04/12/25 23:00:00,A,NR,Y28,M,FR,2021,379026,,
ESTAT:DEMO_PJAN(1.0),04/12/25 23:00:00,A,NR,Y28,M,FR,2022,370420,,
ESTAT:DEMO_PJAN(1.0),04/12/25 23:00:00,A,NR,Y28,M,FR,2023,371869,p,
ESTAT:DEMO_PJAN(1.0),04/12/25 23:00:00,A,NR,Y28,M,FR,2024,384915,p,
ESTAT:DEMO_PJAN(1.0),04/12/25 23:00:00,A,NR,Y29,F,FR,2020,400902,,
ESTAT:DEMO_PJAN(1.0),04/12/25 23:00:00,A,NR,Y29,F,FR,2021,396817,,
ESTAT:DEMO_PJAN(1.0),04/12/25 23:00:00,A,NR,Y29,F,FR,2022,397984,,
ESTAT:DEMO_PJAN(1.0),04/12/25 23:00:00,A,NR,Y29,F,FR,2023,383569,p,
ESTAT:DEMO_PJAN(1.0),04/12/25 23:00:00,A,NR,Y29,F,FR,2024,387390,p,
ESTAT:DEMO_PJAN(1.0),04/12/25 23:00:00,A,NR,Y29,M,FR,2020,392543,,
ESTAT:DEMO_PJAN(1.0),04/12/25 23:00:00,A,NR,Y29,M,FR,2021,385347,,
ESTAT:DEMO_PJAN(1.0),04/12/25 23:00:00,A,NR,Y29,M,FR,2022,387007,,
ESTAT:DEMO_PJAN(1.0),04/12/25 23:00:00,A,NR,Y29,M,FR,2023,375586,p,
ESTAT:DEMO_PJAN(1.0),04/12/25 23:00:00,A,NR,Y29,M,FR,2024,376951,p,
ESTAT:DEMO_PJAN(1.0),04/12/25 23:00:00,A,NR,Y3,F,FR,2020,367880,,
ESTAT:DEMO_PJAN(1.0),04/12/25 23:00:00,A,NR,Y3,F,FR,2021,359932,,
ESTAT:DEMO_PJAN(1.0),04/12/25 23:00:00,A,NR,Y3,F,FR,2022,354650,,
ESTAT:DEMO_PJAN(1.0),04/12/25 23:00:00,A,NR,Y3,F,FR,2023,351482,p,
ESTAT:DEMO_PJAN(1.0),04/12/25 23:00:00,A,NR,Y3,F,FR,2024,344082,p,
ESTAT:DEMO_PJAN(1.0),04/12/25 23:00:00,A,NR,Y3,M,FR,2020,384248,,
ESTAT:DEMO_PJAN(1.0),04/12/25 23:00:00,A,NR,Y3,M,FR,2021,375611,,
ESTAT:DEMO_PJAN(1.0),04/12/25 23:00:00,A,NR,Y3,M,FR,2022,371030,,
ESTAT:DEMO_PJAN(1.0),04/12/25 23:00:00,A,NR,Y3,M,FR,2023,368832,p,
ESTAT:DEMO_PJAN(1.0),04/12/25 23:00:00,A,NR,Y3,M,FR,2024,358310,p,
ESTAT:DEMO_PJAN(1.0),04/12/25 23:00:00,A,NR,Y30,F,FR,2020,408026,,
ESTAT:DEMO_PJAN(1.0),04/12/25 23:00:00,A,NR,Y30,F,FR,2021,408482,,
ESTAT:DEMO_PJAN(1.0),04/12/25 23:00:00,A,NR,Y30,F,FR,2022,404839,,
ESTAT:DEMO_PJAN(1.0),04/12/25 23:00:00,A,NR,Y30,F,FR,2023,404459,p,
ESTAT:DEMO_PJAN(1.0),04/12/25 23:00:00,A,NR,Y30,F,FR,2024,390019,p,
ESTAT:DEMO_PJAN(1.0),04/12/25 23:00:00,A,NR,Y30,M,FR,2020,391915,,
ESTAT:DEMO_PJAN(1.0),04/12/25 23:00:00,A,NR,Y30,M,FR,2021,398462,,
ESTAT:DEMO_PJAN(1.0),04/12/25 23:00:00,A,NR,Y30,M,FR,2022,391678,,
ESTAT:DEMO_PJAN(1.0),04/12/25 23:00:00,A,NR,Y30,M,FR,2023,392733,p,
ESTAT:DEMO_PJAN(1.0),04/12/25 23:00:00,A,NR,Y30,M,FR,2024,381303,p,
ESTAT:DEMO_PJAN(1.0),04/12/25 23:00:00,A,NR,Y31,F,FR,2020,417229,,
ESTAT:DEMO_PJAN(1.0),04/12/25 23:00:00,A,NR,Y31,F,FR,2021,412699,,
ESTAT:DEMO_PJAN(1.0),04/12/25 23:00:00,A,NR,Y31,F,FR,2022,417515,,
ESTAT:DEMO_PJAN(1.0),04/12/25 23:00:00,A,NR,Y31,F,FR,2023,410918,p,
ESTAT:DEMO_PJAN(1.0),04/12/25 23:00:00,A,NR,Y31,F,FR,2024,410444,p,
ESTAT:DEMO_PJAN(1.0),04/12/25 23:00:00,A,NR,Y31,M,FR,2020,397594,,
ESTAT:DEMO_PJAN(1.0),04/12/25 23:00:00,A,NR,Y31,M,FR,2021,397059,,
ESTAT:DEMO_PJAN(1.0),04/12/25 23:00:00,A,NR,Y31,M,FR,2022,405357,,
ESTAT:DEMO_PJAN(1.0),04/12/25 23:00:00,A,NR,Y31,M,FR,2023,397048,p,
ESTAT:DEMO_PJAN(1.0),04/12/25 23:00:00,A,NR,Y31,M,FR,2024,398024,p,
ESTAT:DEMO_PJAN(1.0),04/12/25 23:00:00,A,NR,Y32,F,FR,2020,420265,,
ESTAT:DEMO_PJAN(1.0),04/12/25 23:00:00,A,NR,Y32,F,FR,2021,424061,,
ESTAT:DEMO_PJAN(1.0),04/12/25 23:00:00,A,NR,Y32,F,FR,2022,421019,,
ESTAT:DEMO_PJAN(1.0),04/12/25 23:00:00,A,NR,Y32,F,FR,2023,424005,p,
ESTAT:DEMO_PJAN(1.0),04/12/25 23:00:00,A,NR,Y32,F,FR,2024,417393,p,
ESTAT:DEMO_PJAN(1.0),04/12/25 23:00:00,A,NR,Y32,M,FR,2020,396762,,
ESTAT:DEMO_PJAN(1.0),04/12/25 23:00:00,A,NR,Y32,M,FR,2021,404455,,
ESTAT:DEMO_PJAN(1.0),04/12/25 23:00:00,A,NR,Y32,M,FR,2022,404582,,
ESTAT:DEMO_PJAN(1.0),04/12/25 23:00:00,A,NR,Y32,M,FR,2023,411050,p,
ESTAT:DEMO_PJAN(1.0),04/12/25 23:00:00,A,NR,Y32,M,FR,2024,402650,p,
ESTAT:DEMO_PJAN(1.0),04/12/25 23:00:00,A,NR,Y33,F,FR,2020,427588,,
ESTAT:DEMO_PJAN(1.0),04/12/25 23:00:00,A,NR,Y33,F,FR,2021,425126,,
ESTAT:DEMO_PJAN(1.0),04/12/25 23:00:00,A,NR,Y33,F,FR,2022,429730,,
ESTAT:DEMO_PJAN(1.0),04/12/25 23:00:00,A,NR,Y33,F,FR,2023,425314,p,
ESTAT:DEMO_PJAN(1.0),04/12/25 23:00:00,A,NR,Y33,F,FR,2024,428257,p,
ESTAT:DEMO_PJAN(1.0),04/12/25 23:00:00,A,NR,Y33,M,FR,2020,403317,,
ESTAT:DEMO_PJAN(1.0),04/12/25 23:00:00,A,NR,Y33,M,FR,2021,401754,,
ESTAT:DEMO_PJAN(1.0),04/12/25 23:00:00,A,NR,Y33,M,FR,2022,410261,,
ESTAT:DEMO_PJAN(1.0),04/12/25 23:00:00,A,NR,Y33,M,FR,2023,408974,p,
ESTAT:DEMO_PJAN(1.0),04/12/25 23:00:00,A,NR,Y33,M,FR,2024,415408,p,
ESTAT:DEMO_PJAN(1.0),04/12/25 23:00:00,A,NR,Y34,F,FR,2020,427909,,
ESTAT:DEMO_PJAN(1.0),04/12/25 23:00:00,A,NR,Y34,F,FR,2021,431251,,
ESTAT:DEMO_PJAN(1.0),04/12/25 23:00:00,A,NR,Y34,F,FR,2022,431662,,
ESTAT:DEMO_PJAN(1.0),04/12/25 23:00:00,A,NR,Y34,F,FR,2023,433919,p,
ESTAT:DEMO_PJAN(1.0),04/12/25 23:00:00,A,NR,Y34,F,FR,2024,429598,p,
ESTAT:DEMO_PJAN(1.0),04/12/25 23:00:00,A,NR,Y34,M,FR,2020,401822,,
ESTAT:DEMO_PJAN(1.0),04/12/25 23:00:00,A,NR,Y34,M,FR,2021,408043,,
ESTAT:DEMO_PJAN(1.0),04/12/25 23:00:00,A,NR,Y34,M,FR,2022,409002,,
ESTAT:DEMO_PJAN(1.0),04/12/25 23:00:00,A,NR,Y34,M,FR,2023,414809,p,
ESTAT:DEMO_PJAN(1.0),04/12/25 23:00:00,A,NR,Y34,M,FR,2024,413553,p,
ESTAT:DEMO_PJAN(1.0),04/12/25 23:00:00,A,NR,Y35,F,FR,2020,423242,,
ESTAT:DEMO_PJAN(1.0),04/12/25 23:00:00,A,NR,Y35,F,FR,2021,431203,,
ESTAT:DEMO_PJAN(1.0),04/12/25 23:00:00,A,NR,Y35,F,FR,2022,436271,,
ESTAT:DEMO_PJAN(1.0),04/12/25 23:00:00,A,NR,Y35,F,FR,2023,434771,p,
ESTAT:DEMO_PJAN(1.0),04/12/25 23:00:00,A,NR,Y35,F,FR,2024,437091,p,
ESTAT:DEMO_PJAN(1.0),04/12/25 23:00:00,A,NR,Y35,M,FR,2020,399221,,
ESTAT:DEMO_PJAN(1.0),04/12/25 23:00:00,A,NR,Y35,M,FR,2021,407464,,
ESTAT:DEMO_PJAN(1.0),04/12/25 23:00:00,A,NR,Y35,M,FR,2022,413953,,
ESTAT:DEMO_PJAN(1.0),04/12/25 23:00:00,A,NR,Y35,M,FR,2023,412821,p,
ESTAT:DEMO_PJAN(1.0),04/12/25 23:00:00,A,NR,Y35,M,FR,2024,418639,p,
ESTAT:DEMO_PJAN(1.0),04/12/25 23:00:00,A,NR,Y36,F,FR,2020,417006,,
ESTAT:DEMO_PJAN(1.0),04/12/25 23:00:00,A,NR,Y36,F,FR,2021,426482,,
ESTAT:DEMO_PJAN(1.0),04/12/25 23:00:00,A,NR,Y36,F,FR,2022,436354,,
ESTAT:DEMO_PJAN(1.0),04/12/25 23:00:00,A,NR,Y36,F,FR,2023,439302,p,
ESTAT:DEMO_PJAN(1.0),04/12/25 23:00:00,A,NR,Y36,F,FR,2024,437822,p,
ESTAT:DEMO_PJAN(1.0),04/12/25 23:00:00,A,NR,Y36,M,FR,2020,393995,,
ESTAT:DEMO_PJAN(1.0),04/12/25 23:00:00,A,NR,Y36,M,FR,2021,402739,,
ESTAT:DEMO_PJAN(1.0),04/12/25 23:00:00,A,NR,Y36,M,FR,2022,412912,,
ESTAT:DEMO_PJAN(1.0),04/12/25 23:00:00,A,NR,Y36,M,FR,2023,417152,p,
ESTAT:DEMO_PJAN(1.0),04/12/25 23:00:00,A,NR,Y36,M,FR,2024,416051,p,
ESTAT:DEMO_PJAN(1.0),04/12/25 23:00:00,A,NR,Y37,F,FR,2020,442867,,
ESTAT:DEMO_PJAN(1.0),04/12/25 23:00:00,A,NR,Y37,F,FR,2021,422355,,
ESTAT:DEMO_PJAN(1.0),04/12/25 23:00:00,A,NR,Y37,F,FR,2022,433099,,
ESTAT:DEMO_PJAN(1.0),04/12/25 23:00:00,A,NR,Y37,F,FR,2023,440824,p,
ESTAT:DEMO_PJAN(1.0),04/12/25 23:00:00,A,NR,Y37,F,FR,2024,443808,p,
ESTAT:DEMO_PJAN(1.0),04/12/25 23:00:00,A,NR,Y37,M,FR,2020,421628,,
ESTAT:DEMO_PJAN(1.0),04/12/25 23:00:00,A,NR,Y37,M,FR,2021,399297,,
ESTAT:DEMO_PJAN(1.0),04/12/25 23:00:00,A,NR,Y37,M,FR,2022,407375,,
ESTAT:DEMO_PJAN(1.0),04/12/25 23:00:00,A,NR,Y37,M,FR,2023,416830,p,
ESTAT:DEMO_PJAN(1.0),04/12/25 23:00:00,A,NR,Y37,M,FR,2024,421122,p,
ESTAT:DEMO_PJAN(1.0),04/12/25 23:00:00,A,NR,Y38,F,FR,2020,444803,,
ESTAT:DEMO_PJAN(1.0),04/12/25 23:00:00,A,NR,Y38,F,FR,2021,445553,,
ESTAT:DEMO_PJAN(1.0),04/12/25 23:00:00,A,NR,Y38,F,FR,2022,426907,,
ESTAT:DEMO_PJAN(1.0),04/12/25 23:00:00,A,NR,Y38,F,FR,2023,435047,p,
ESTAT:DEMO_PJAN(1.0),04/12/25 23:00:00,A,NR,Y38,F,FR,2024,442722,p,
ESTAT:DEMO_PJAN(1.0),04/12/25 23:00:00,A,NR,Y38,M,FR,2020,424284,,
ESTAT:DEMO_PJAN(1.0),04/12/25 23:00:00,A,NR,Y38,M,FR,2021,424776,,
ESTAT:DEMO_PJAN(1.0),04/12/25 23:00:00,A,NR,Y38,M,FR,2022,404259,,
ESTAT:DEMO_PJAN(1.0),04/12/25 23:00:00,A,NR,Y38,M,FR,2023,409977,p,
ESTAT:DEMO_PJAN(1.0),04/12/25 23:00:00,A,NR,Y38,M,FR,2024,419415,p,
ESTAT:DEMO_PJAN(1.0),04/12/25 23:00:00,A,NR,Y39,F,FR,2020,452531,,
ESTAT:DEMO_PJAN(1.0),04/12/25 23:00:00,A,NR,Y39,F,FR,2021,447274,,
ESTAT:DEMO_PJAN(1.0),04/12/25 23:00:00,A,NR,Y39,F,FR,2022,448659,,
ESTAT:DEMO_PJAN(1.0),04/12/25 23:00:00,A,NR,Y39,F,FR,2023,428807,p,
ESTAT:DEMO_PJAN(1.0),04/12/25 23:00:00,A,NR,Y39,F,FR,2024,436987,p,
ESTAT:DEMO_PJAN(1.0),04/12/25 23:00:00,A,NR,Y39,M,FR,2020,431779,,
ESTAT:DEMO_PJAN(1.0),04/12/25 23:00:00,A,NR,Y39,M,FR,2021,428177,,
ESTAT:DEMO_PJAN(1.0),04/12/25 23:00:00,A,NR,Y39,M,FR,2022,428837,,
ESTAT:DEMO_PJAN(1.0),04/12/25 23:00:00,A,NR,Y39,M,FR,2023,407092,p,
ESTAT:DEMO_PJAN(1.0),04/12/25 23:00:00,A,NR,Y39,M,FR,2024,412832,p,
ESTAT:DEMO_PJAN(1.0),04/12/25 23:00:00,A,NR,Y4,F,FR,2020,378896,,
ESTAT:DEMO_PJAN(1.0),04/12/25 23:00:00,A,NR,Y4,F,FR,2021,370712,,
ESTAT:DEMO_PJAN(1.0),04/12/25 23:00:00,A,NR,Y4,F,FR,2022,363311,,
ESTAT:DEMO_PJAN(1.0),04/12/25 23:00:00,A,NR,Y4,F,FR,2023,356830,p,
ESTAT:DEMO_PJAN(1.0),04/12/25 23:00:00,A,NR,Y4,F,FR,2024,355215,p,
ESTAT:DEMO_PJAN(1.0),04/12/25 23:00:00,A,NR,Y4,M,FR,2020,396679,,
ESTAT:DEMO_PJAN(1.0),04/12/25 23:00:00,A,NR,Y4,M,FR,2021,389202,,
ESTAT:DEMO_PJAN(1.0),04/12/25 23:00:00,A,NR,Y4,M,FR,2022,380032,,
ESTAT:DEMO_PJAN(1.0),04/12/25 23:00:00,A,NR,Y4,M,FR,2023,374732,p,
ESTAT:DEMO_PJAN(1.0),04/12/25 23:00:00,A,NR,Y4,M,FR,2024,374063,p,
ESTAT:DEMO_PJAN(1.0),04/12/25 23:00:00,A,NR,Y40,F,FR,2020,426579,,
ESTAT:DEMO_PJAN(1.0),04/12/25 23:00:00,A,NR,Y40,F,FR,2021,455459,,
ESTAT:DEMO_PJAN(1.0),04/12/25 23:00:00,A,NR,Y40,F,FR,2022,450798,,
ESTAT:DEMO_PJAN(1.0),04/12/25 23:00:00,A,NR,Y40,F,FR,2023,450522,p,
ESTAT:DEMO_PJAN(1.0),04/12/25 23:00:00,A,NR,Y40,F,FR,2024,430792,p,
ESTAT:DEMO_PJAN(1.0),04/12/25 23:00:00,A,NR,Y40,M,FR,2020,408998,,
ESTAT:DEMO_PJAN(1.0),04/12/25 23:00:00,A,NR,Y40,M,FR,2021,434115,,
ESTAT:DEMO_PJAN(1.0),04/12/25 23:00:00,A,NR,Y40,M,FR,2022,430306,,
ESTAT:DEMO_PJAN(1.0),04/12/25 23:00:00,A,NR,Y40,M,FR,2023,430123,p,
ESTAT:DEMO_PJAN(1.0),04/12/25 23:00:00,A,NR,Y40,M,FR,2024,408510,p,
ESTAT:DEMO_PJAN(1.0),04/12/25 23:00:00,A,NR,Y41,F,FR,2020,416758,,
ESTAT:DEMO_PJAN(1.0),04/12/25 23:00:00,A,NR,Y41,F,FR,2021,429218,,
ESTAT:DEMO_PJAN(1.0),04/12/25 23:00:00,A,NR,Y41,F,FR,2022,459537,,
ESTAT:DEMO_PJAN(1.0),04/12/25 23:00:00,A,NR,Y41,F,FR,2023,453244,p,
ESTAT:DEMO_PJAN(1.0),04/12/25 23:00:00,A,NR,Y41,F,FR,2024,452960,p,
ESTAT:DEMO_PJAN(1.0),04/12/25 23:00:00,A,NR,Y41,M,FR,2020,402368,,
ESTAT:DEMO_PJAN(1.0),04/12/25 23:00:00,A,NR,Y41,M,FR,2021,410698,,
ESTAT:DEMO_PJAN(1.0),04/12/25 23:00:00,A,NR,Y41,M,FR,2022,438341,,
ESTAT:DEMO_PJAN(1.0),04/12/25 23:00:00,A,NR,Y41,M,FR,2023,432118,p,
ESTAT:DEMO_PJAN(1.0),04/12/25 23:00:00,A,NR,Y41,M,FR,2024,432018,p,
ESTAT:DEMO_PJAN(1.0),04/12/25 23:00:00,A,NR,Y42,F,FR,2020,415765,,
ESTAT:DEMO_PJAN(1.0),04/12/25 23:00:00,A,NR,Y42,F,FR,2021,417921,,
ESTAT:DEMO_PJAN(1.0),04/12/25 23:00:00,A,NR,Y42,F,FR,2022,430686,,
ESTAT:DEMO_PJAN(1.0),04/12/25 23:00:00,A,NR,Y42,F,FR,2023,460038,p,
ESTAT:DEMO_PJAN(1.0),04/12/25 23:00:00,A,NR,Y42,F,FR,2024,453837,p,
ESTAT:DEMO_PJAN(1.0),04/12/25 23:00:00,A,NR,Y42,M,FR,2020,403758,,
ESTAT:DEMO_PJAN(1.0),04/12/25 23:00:00,A,NR,Y42,M,FR,2021,402706,,
ESTAT:DEMO_PJAN(1.0),04/12/25 23:00:00,A,NR,Y42,M,FR,2022,412858,,
ESTAT:DEMO_PJAN(1.0),04/12/25 23:00:00,A,NR,Y42,M,FR,2023,438455,p,
ESTAT:DEMO_PJAN(1.0),04/12/25 23:00:00,A,NR,Y42,M,FR,2024,432329,p,
ESTAT:DEMO_PJAN(1.0),04/12/25 23:00:00,A,NR,Y43,F,FR,2020,404700,,
ESTAT:DEMO_PJAN(1.0),04/12/25 23:00:00,A,NR,Y43,F,FR,2021,416829,,
ESTAT:DEMO_PJAN(1.0),04/12/25 23:00:00,A,NR,Y43,F,FR,2022,420488,,
ESTAT:DEMO_PJAN(1.0),04/12/25 23:00:00,A,NR,Y43,F,FR,2023,431218,p,
ESTAT:DEMO_PJAN(1.0),04/12/25 23:00:00,A,NR,Y43,F,FR,2024,460727,p,
ESTAT:DEMO_PJAN(1.0),04/12/25 23:00:00,A,NR,Y43,M,FR,2020,393059,,
ESTAT:DEMO_PJAN(1.0),04/12/25 23:00:00,A,NR,Y43,M,FR,2021,405078,,
ESTAT:DEMO_PJAN(1.0),04/12/25 23:00:00,A,NR,Y43,M,FR,2022,406536,,
ESTAT:DEMO_PJAN(1.0),04/12/25 23:00:00,A,NR,Y43,M,FR,2023,414019,p,
ESTAT:DEMO_PJAN(1.0),04/12/25 23:00:00,A,NR,Y43,M,FR,2024,439763,p,
ESTAT:DEMO_PJAN(1.0),04/12/25 23:00:00,A,NR,Y44,F,FR,2020,417281,,
ESTAT:DEMO_PJAN(1.0),04/12/25 23:00:00,A,NR,Y44,F,FR,2021,405097,,
ESTAT:DEMO_PJAN(1.0),04/12/25 23:00:00,A,NR,Y44,F,FR,2022,419908,,
ESTAT:DEMO_PJAN(1.0),04/12/25 23:00:00,A,NR,Y44,F,FR,2023,421358,p,
ESTAT:DEMO_PJAN(1.0),04/12/25 23:00:00,A,NR,Y44,F,FR,2024,432282,p,
ESTAT:DEMO_PJAN(1.0),04/12/25 23:00:00,A,NR,Y44,M,FR,2020,406738,,
ESTAT:DEMO_PJAN(1.0),04/12/25 23:00:00,A,NR,Y44,M,FR,2021,395046,,
ESTAT:DEMO_PJAN(1.0),04/12/25 23:00:00,A,NR,Y44,M,FR,2022,408162,,
ESTAT:DEMO_PJAN(1.0),04/12/25 23:00:00,A,NR,Y44,M,FR,2023,407539,p,
ESTAT:DEMO_PJAN(1.0),04/12/25 23:00:00,A,NR,Y44,M,FR,2024,414987,p,
ESTAT:DEMO_PJAN(1.0),04/12/25 23:00:00,A,NR,Y45,F,FR,2020,436655,,
ESTAT:DEMO_PJAN(1.0),04/12/25 23:00:00,A,NR,Y45,F,FR,2021,417786,,
ESTAT:DEMO_PJAN(1.0),04/12/25 23:00:00,A,NR,Y45,F,FR,2022,407167,,
ESTAT:DEMO_PJAN(1.0),04/12/25 23:00:00,A,NR,Y45,F,FR,2023,419930,p,
ESTAT:DEMO_PJAN(1.0),04/12/25 23:00:00,A,NR,Y45,F,FR,2024,421485,p,
ESTAT:DEMO_PJAN(1.0),04/12/25 23:00:00,A,NR,Y45,M,FR,2020,429264,,
ESTAT:DEMO_PJAN(1.0),04/12/25 23:00:00,A,NR,Y45,M,FR,2021,407318,,
ESTAT:DEMO_PJAN(1.0),04/12/25 23:00:00,A,NR,Y45,M,FR,2022,397454,,
ESTAT:DEMO_PJAN(1.0),04/12/25 23:00:00,A,NR,Y45,M,FR,2023,408832,p,
ESTAT:DEMO_PJAN(1.0),04/12/25 23:00:00,A,NR,Y45,M,FR,2024,408424,p,
ESTAT:DEMO_PJAN(1.0),04/12/25 23:00:00,A,NR,Y46,F,FR,2020,459412,,
ESTAT:DEMO_PJAN(1.0),04/12/25 23:00:00,A,NR,Y46,F,FR,2021,438195,,
ESTAT:DEMO_PJAN(1.0),04/12/25 23:00:00,A,NR,Y46,F,FR,2022,418388,,
ESTAT:DEMO_PJAN(1.0),04/12/25 23:00:00,A,NR,Y46,F,FR,2023,406948,p,
ESTAT:DEMO_PJAN(1.0),04/12/25 23:00:00,A,NR,Y46,F,FR,2024,419834,p,
ESTAT:DEMO_PJAN(1.0),04/12/25 23:00:00,A,NR,Y46,M,FR,2020,448838,,
ESTAT:DEMO_PJAN(1.0),04/12/25 23:00:00,A,NR,Y46,M,FR,2021,429778,,
ESTAT:DEMO_PJAN(1.0),04/12/25 23:00:00,A,NR,Y46,M,FR,2022,410118,,
ESTAT:DEMO_PJAN(1.0),04/12/25 23:00:00,A,NR,Y46,M,FR,2023,397853,p,
ESTAT:DEMO_PJAN(1.0),04/12/25 23:00:00,A,NR,Y46,M,FR,2024,409329,p,
ESTAT:DEMO_PJAN(1.0),04/12/25 23:00:00,A,NR,Y47,F,FR,2020,469539,,
ESTAT:DEMO_PJAN(1.0),04/12/25 23:00:00,A,NR,Y47,F,FR,2021,459906,,
ESTAT:DEMO_PJAN(1.0),04/12/25 23:00:00,A,NR,Y47,F,FR,2022,438676,,
ESTAT:DEMO_PJAN(1.0),04/12/25 23:00:00,A,NR,Y47,F,FR,2023,418181,p,
ESTAT:DEMO_PJAN(1.0),04/12/25 23:00:00,A,NR,Y47,F,FR,2024,406844,p,
ESTAT:DEMO_PJAN(1.0),04/12/25 23:00:00,A,NR,Y47,M,FR,2020,462082,,
ESTAT:DEMO_PJAN(1.0),04/12/25 23:00:00,A,NR,Y47,M,FR,2021,449505,,
ESTAT:DEMO_PJAN(1.0),04/12/25 23:00:00,A,NR,Y47,M,FR,2022,432189,,
ESTAT:DEMO_PJAN(1.0),04/12/25 23:00:00,A,NR,Y47,M,FR,2023,410732,p,
ESTAT:DEMO_PJAN(1.0),04/12/25 23:00:00,A,NR,Y47,M,FR,2024,398659,p,
ESTAT:DEMO_PJAN(1.0),04/12/25 23:00:00,A,NR,Y48,F,FR,2020,466988,,
ESTAT:DEMO_PJAN(1.0),04/12/25 23:00:00,A,NR,Y48,F,FR,2021,468478,,
ESTAT:DEMO_PJAN(1.0),04/12/25 23:00:00,A,NR,Y48,F,FR,2022,460084,,
ESTAT:DEMO_PJAN(1.0),04/12/25 23:00:00,A,NR,Y48,F,FR,2023,437863,p,
ESTAT:DEMO_PJAN(1.0),04/12/25 23:00:00,A,NR,Y48,F,FR,2024,417504,p,
ESTAT:DEMO_PJAN(1.0),04/12/25 23:00:00,A,NR,Y48,M,FR,2020,459021,,
ESTAT:DEMO_PJAN(1.0),04/12/25 23:00:00,A,NR,Y48,M,FR,2021,462869,,
ESTAT:DEMO_PJAN(1.0),04/12/25 23:00:00,A,NR,Y48,M,FR,2022,450933,,
ESTAT:DEMO_PJAN(1.0),04/12/25 23:00:00,A,NR,Y48,M,FR,2023,432015,p,
ESTAT:DEMO_PJAN(1.0),04/12/25 23:00:00,A,NR,Y48,M,FR,2024,410702,p,
ESTAT:DEMO_PJAN(1.0),04/12/25 23:00:00,A,NR,Y49,F,FR,2020,457573,,
ESTAT:DEMO_PJAN(1.0),04/12/25 23:00:00,A,NR,Y49,F,FR,2021,467108,,
ESTAT:DEMO_PJAN(1.0),04/12/25 23:00:00,A,NR,Y49,F,FR,2022,469706,,
ESTAT:DEMO_PJAN(1.0),04/12/25 23:00:00,A,NR,Y49,F,FR,2023,459714,p,
ESTAT:DEMO_PJAN(1.0),04/12/25 23:00:00,A,NR,Y49,F,FR,2024,437534,p,
ESTAT:DEMO_PJAN(1.0),04/12/25 23:00:00,A,NR,Y49,M,FR,2020,446548,,
ESTAT:DEMO_PJAN(1.0),04/12/25 23:00:00,A,NR,Y49,M,FR,2021,458506,,
ESTAT:DEMO_PJAN(1.0),04/12/25 23:00:00,A,NR,Y49,M,FR,2022,462878,,
ESTAT:DEMO_PJAN(1.0),04/12/25 23:00:00,A,NR,Y49,M,FR,2023,449777,p,
ESTAT:DEMO_PJAN(1.0),04/12/25 23:00:00,A,NR,Y49,M,FR,2024,430995,p,
ESTAT:DEMO_PJAN(1.0),04/12/25 23:00:00,A,NR,Y5,F,FR,2020,393617,,
ESTAT:DEMO_PJAN(1.0),04/12/25 23:00:00,A,NR,Y5,F,FR,2021,382661,,
ESTAT:DEMO_PJAN(1.0),04/12/25 23:00:00,A,NR,Y5,F,FR,2022,374666,,
ESTAT:DEMO_PJAN(1.0),04/12/25 23:00:00,A,NR,Y5,F,FR,2023,365802,p,
ESTAT:DEMO_PJAN(1.0),04/12/25 23:00:00,A,NR,Y5,F,FR,2024,361045,p,
ESTAT:DEMO_PJAN(1.0),04/12/25 23:00:00,A,NR,Y5,M,FR,2020,407383,,
ESTAT:DEMO_PJAN(1.0),04/12/25 23:00:00,A,NR,Y5,M,FR,2021,400407,,
ESTAT:DEMO_PJAN(1.0),04/12/25 23:00:00,A,NR,Y5,M,FR,2022,392454,,
ESTAT:DEMO_PJAN(1.0),04/12/25 23:00:00,A,NR,Y5,M,FR,2023,382291,p,
ESTAT:DEMO_PJAN(1.0),04/12/25 23:00:00,A,NR,Y5,M,FR,2024,378750,p,
ESTAT:DEMO_PJAN(1.0),04/12/25 23:00:00,A,NR,Y50,F,FR,2020,452679,,
ESTAT:DEMO_PJAN(1.0),04/12/25 23:00:00,A,NR,Y50,F,FR,2021,457653,,
ESTAT:DEMO_PJAN(1.0),04/12/25 23:00:00,A,NR,Y50,F,FR,2022,467716,,
ESTAT:DEMO_PJAN(1.0),04/12/25 23:00:00,A,NR,Y50,F,FR,2023,468936,p,
ESTAT:DEMO_PJAN(1.0),04/12/25 23:00:00,A,NR,Y50,F,FR,2024,458981,p,
ESTAT:DEMO_PJAN(1.0),04/12/25 23:00:00,A,NR,Y50,M,FR,2020,439532,,
ESTAT:DEMO_PJAN(1.0),04/12/25 23:00:00,A,NR,Y50,M,FR,2021,447366,,
ESTAT:DEMO_PJAN(1.0),04/12/25 23:00:00,A,NR,Y50,M,FR,2022,457344,,
ESTAT:DEMO_PJAN(1.0),04/12/25 23:00:00,A,NR,Y50,M,FR,2023,461778,p,
ESTAT:DEMO_PJAN(1.0),04/12/25 23:00:00,A,NR,Y50,M,FR,2024,448815,p,
ESTAT:DEMO_PJAN(1.0),04/12/25 23:00:00,A,NR,Y51,F,FR,2020,448370,,
ESTAT:DEMO_PJAN(1.0),04/12/25 23:00:00,A,NR,Y51,F,FR,2021,452058,,
ESTAT:DEMO_PJAN(1.0),04/12/25 23:00:00,A,NR,Y51,F,FR,2022,457904,,
ESTAT:DEMO_PJAN(1.0),04/12/25 23:00:00,A,NR,Y51,F,FR,2023,467003,p,
ESTAT:DEMO_PJAN(1.0),04/12/25 23:00:00,A,NR,Y51,F,FR,2024,468324,p,
ESTAT:DEMO_PJAN(1.0),04/12/25 23:00:00,A,NR,Y51,M,FR,2020,432282,,
ESTAT:DEMO_PJAN(1.0),04/12/25 23:00:00,A,NR,Y51,M,FR,2021,438996,,
ESTAT:DEMO_PJAN(1.0),04/12/25 23:00:00,A,NR,Y51,M,FR,2022,447934,,
ESTAT:DEMO_PJAN(1.0),04/12/25 23:00:00,A,NR,Y51,M,FR,2023,456163,p,
ESTAT:DEMO_PJAN(1.0),04/12/25 23:00:00,A,NR,Y51,M,FR,2024,460666,p,
ESTAT:DEMO_PJAN(1.0),04/12/25 23:00:00,A,NR,Y52,F,FR,2020,444707,,
ESTAT:DEMO_PJAN(1.0),04/12/25 23:00:00,A,NR,Y52,F,FR,2021,447689,,
ESTAT:DEMO_PJAN(1.0),04/12/25 23:00:00,A,NR,Y52,F,FR,2022,451972,,
ESTAT:DEMO_PJAN(1.0),04/12/25 23:00:00,A,NR,Y52,F,FR,2023,456512,p,
ESTAT:DEMO_PJAN(1.0),04/12/25 23:00:00,A,NR,Y52,F,FR,2024,465654,p,
ESTAT:DEMO_PJAN(1.0),04/12/25 23:00:00,A,NR,Y52,M,FR,2020,431552,,
ESTAT:DEMO_PJAN(1.0),04/12/25 23:00:00,A,NR,Y52,M,FR,2021,431493,,
ESTAT:DEMO_PJAN(1.0),04/12/25 23:00:00,A,NR,Y52,M,FR,2022,438325,,
ESTAT:DEMO_PJAN(1.0),04/12/25 23:00:00,A,NR,Y52,M,FR,2023,446222,p,
ESTAT:DEMO_PJAN(1.0),04/12/25 23:00:00,A,NR,Y52,M,FR,2024,454565,p,
ESTAT:DEMO_PJAN(1.0),04/12/25 23:00:00,A,NR,Y53,F,FR,2020,457578,,
ESTAT:DEMO_PJAN(1.0),04/12/25 23:00:00,A,NR,Y53,F,FR,2021,445899,,
ESTAT:DEMO_PJAN(1.0),04/12/25 23:00:00,A,NR,Y53,F,FR,2022,448778,,
ESTAT:DEMO_PJAN(1.0),04/12/25 23:00:00,A,NR,Y53,F,FR,2023,452246,p,
ESTAT:DEMO_PJAN(1.0),04/12/25 23:00:00,A,NR,Y53,F,FR,2024,456808,p,
ESTAT:DEMO_PJAN(1.0),04/12/25 23:00:00,A,NR,Y53,M,FR,2020,440375,,
ESTAT:DEMO_PJAN(1.0),04/12/25 23:00:00,A,NR,Y53,M,FR,2021,430764,,
ESTAT:DEMO_PJAN(1.0),04/12/25 23:00:00,A,NR,Y53,M,FR,2022,431339,,
ESTAT:DEMO_PJAN(1.0),04/12/25 23:00:00,A,NR,Y53,M,FR,2023,436674,p,
ESTAT:DEMO_PJAN(1.0),04/12/25 23:00:00,A,NR,Y53,M,FR,2024,444688,p,
ESTAT:DEMO_PJAN(1.0),04/12/25 23:00:00,A,NR,Y54,F,FR,2020,458709,,
ESTAT:DEMO_PJAN(1.0),04/12/25 23:00:00,A,NR,Y54,F,FR,2021,456568,,
ESTAT:DEMO_PJAN(1.0),04/12/25 23:00:00,A,NR,Y54,F,FR,2022,446502,,
ESTAT:DEMO_PJAN(1.0),04/12/25 23:00:00,A,NR,Y54,F,FR,2023,448152,p,
ESTAT:DEMO_PJAN(1.0),04/12/25 23:00:00,A,NR,Y54,F,FR,2024,451642,p,
ESTAT:DEMO_PJAN(1.0),04/12/25 23:00:00,A,NR,Y54,M,FR,2020,440510,,
ESTAT:DEMO_PJAN(1.0),04/12/25 23:00:00,A,NR,Y54,M,FR,2021,440084,,
ESTAT:DEMO_PJAN(1.0),04/12/25 23:00:00,A,NR,Y54,M,FR,2022,430238,,
ESTAT:DEMO_PJAN(1.0),04/12/25 23:00:00,A,NR,Y54,M,FR,2023,430086,p,
ESTAT:DEMO_PJAN(1.0),04/12/25 23:00:00,A,NR,Y54,M,FR,2024,435498,p,
ESTAT:DEMO_PJAN(1.0),04/12/25 23:00:00,A,NR,Y55,F,FR,2020,464708,,
ESTAT:DEMO_PJAN(1.0),04/12/25 23:00:00,A,NR,Y55,F,FR,2021,458430,,
ESTAT:DEMO_PJAN(1.0),04/12/25 23:00:00,A,NR,Y55,F,FR,2022,456740,,
ESTAT:DEMO_PJAN(1.0),04/12/25 23:00:00,A,NR,Y55,F,FR,2023,446084,p,
ESTAT:DEMO_PJAN(1.0),04/12/25 23:00:00,A,NR,Y55,F,FR,2024,447806,p,
ESTAT:DEMO_PJAN(1.0),04/12/25 23:00:00,A,NR,Y55,M,FR,2020,443705,,
ESTAT:DEMO_PJAN(1.0),04/12/25 23:00:00,A,NR,Y55,M,FR,2021,438361,,
ESTAT:DEMO_PJAN(1.0),04/12/25 23:00:00,A,NR,Y55,M,FR,2022,439750,,
ESTAT:DEMO_PJAN(1.0),04/12/25 23:00:00,A,NR,Y55,M,FR,2023,428872,p,
ESTAT:DEMO_PJAN(1.0),04/12/25 23:00:00,A,NR,Y55,M,FR,2024,428678,p,
ESTAT:DEMO_PJAN(1.0),04/12/25 23:00:00,A,NR,Y56,F,FR,2020,459372,,
ESTAT:DEMO_PJAN(1.0),04/12/25 23:00:00,A,NR,Y56,F,FR,2021,464098,,
ESTAT:DEMO_PJAN(1.0),04/12/25 23:00:00,A,NR,Y56,F,FR,2022,457578,,
ESTAT:DEMO_PJAN(1.0),04/12/25 23:00:00,A,NR,Y56,F,FR,2023,455748,p,
ESTAT:DEMO_PJAN(1.0),04/12/25 23:00:00,A,NR,Y56,F,FR,2024,445017,p,
ESTAT:DEMO_PJAN(1.0),04/12/25 23:00:00,A,NR,Y56,M,FR,2020,435782,,
ESTAT:DEMO_PJAN(1.0),04/12/25 23:00:00,A,NR,Y56,M,FR,2021,442384,,
ESTAT:DEMO_PJAN(1.0),04/12/25 23:00:00,A,NR,Y56,M,FR,2022,439696,,
ESTAT:DEMO_PJAN(1.0),04/12/25 23:00:00,A,NR,Y56,M,FR,2023,438964,p,
ESTAT:DEMO_PJAN(1.0),04/12/25 23:00:00,A,NR,Y56,M,FR,2024,428287,p,
ESTAT:DEMO_PJAN(1.0),04/12/25 23:00:00,A,NR,Y57,F,FR,2020,443983,,
ESTAT:DEMO_PJAN(1.0),04/12/25 23:00:00,A,NR,Y57,F,FR,2021,458551,,
ESTAT:DEMO_PJAN(1.0),04/12/25 23:00:00,A,NR,Y57,F,FR,2022,463685,,
ESTAT:DEMO_PJAN(1.0),04/12/25 23:00:00,A,NR,Y57,F,FR,2023,456736,p,
ESTAT:DEMO_PJAN(1.0),04/12/25 23:00:00,A,NR,Y57,F,FR,2024,454983,p,
ESTAT:DEMO_PJAN(1.0),04/12/25 23:00:00,A,NR,Y57,M,FR,2020,419486,,
ESTAT:DEMO_PJAN(1.0),04/12/25 23:00:00,A,NR,Y57,M,FR,2021,434941,,
ESTAT:DEMO_PJAN(1.0),04/12/25 23:00:00,A,NR,Y57,M,FR,2022,442779,,
ESTAT:DEMO_PJAN(1.0),04/12/25 23:00:00,A,NR,Y57,M,FR,2023,438144,p,
ESTAT:DEMO_PJAN(1.0),04/12/25 23:00:00,A,NR,Y57,M,FR,2024,437548,p,
ESTAT:DEMO_PJAN(1.0),04/12/25 23:00:00,A,NR,Y58,F,FR,2020,444002,,
ESTAT:DEMO_PJAN(1.0),04/12/25 23:00:00,A,NR,Y58,F,FR,2021,443274,,
ESTAT:DEMO_PJAN(1.0),04/12/25 23:00:00,A,NR,Y58,F,FR,2022,458857,,
ESTAT:DEMO_PJAN(1.0),04/12/25 23:00:00,A,NR,Y58,F,FR,2023,462774,p,
ESTAT:DEMO_PJAN(1.0),04/12/25 23:00:00,A,NR,Y58,F,FR,2024,455880,p,
ESTAT:DEMO_PJAN(1.0),04/12/25 23:00:00,A,NR,Y58,M,FR,2020,418797,,
ESTAT:DEMO_PJAN(1.0),04/12/25 23:00:00,A,NR,Y58,M,FR,2021,418552,,
ESTAT:DEMO_PJAN(1.0),04/12/25 23:00:00,A,NR,Y58,M,FR,2022,432220,,
ESTAT:DEMO_PJAN(1.0),04/12/25 23:00:00,A,NR,Y58,M,FR,2023,440329,p,
ESTAT:DEMO_PJAN(1.0),04/12/25 23:00:00,A,NR,Y58,M,FR,2024,435906,p,
ESTAT:DEMO_PJAN(1.0),04/12/25 23:00:00,A,NR,Y59,F,FR,2020,443257,,
ESTAT:DEMO_PJAN(1.0),04/12/25 23:00:00,A,NR,Y59,F,FR,2021,444211,,
ESTAT:DEMO_PJAN(1.0),04/12/25 23:00:00,A,NR,Y59,F,FR,2022,443241,,
ESTAT:DEMO_PJAN(1.0),04/12/25 23:00:00,A,NR,Y59,F,FR,2023,458309,p,
ESTAT:DEMO_PJAN(1.0),04/12/25 23:00:00,A,NR,Y59,F,FR,2024,462172,p,
ESTAT:DEMO_PJAN(1.0),04/12/25 23:00:00,A,NR,Y59,M,FR,2020,413975,,
ESTAT:DEMO_PJAN(1.0),04/12/25 23:00:00,A,NR,Y59,M,FR,2021,417337,,
ESTAT:DEMO_PJAN(1.0),04/12/25 23:00:00,A,NR,Y59,M,FR,2022,416828,,
ESTAT:DEMO_PJAN(1.0),04/12/25 23:00:00,A,NR,Y59,M,FR,2023,430112,p,
ESTAT:DEMO_PJAN(1.0),04/12/25 23:00:00,A,NR,Y59,M,FR,2024,438326,p,
ESTAT:DEMO_PJAN(1.0),04/12/25 23:00:00,A,NR,Y6,F,FR,2020,396393,,
ESTAT:DEMO_PJAN(1.0),04/12/25 23:00:00,A,NR,Y6,F,FR,2021,396335,,
ESTAT:DEMO_PJAN(1.0),04/12/25 23:00:00,A,NR,Y6,F,FR,2022,385480,,
ESTAT:DEMO_PJAN(1.0),04/12/25 23:00:00,A,NR,Y6,F,FR,2023,376188,p,
ESTAT:DEMO_PJAN(1.0),04/12/25 23:00:00,A,NR,Y6,F,FR,2024,369693,p,
ESTAT:DEMO_PJAN(1.0),04/12/25 23:00:00,A,NR,Y6,M,FR,2020,412794,,
ESTAT:DEMO_PJAN(1.0),04/12/25 23:00:00,A,NR,Y6,M,FR,2021,411679,,
ESTAT:DEMO_PJAN(1.0),04/12/25 23:00:00,A,NR,Y6,M,FR,2022,404366,,
ESTAT:DEMO_PJAN(1.0),04/12/25 23:00:00,A,NR,Y6,M,FR,2023,394659,p,
ESTAT:DEMO_PJAN(1.0),04/12/25 23:00:00,A,NR,Y6,M,FR,2024,386943,p,
ESTAT:DEMO_PJAN(1.0),04/12/25 23:00:00,A,NR,Y60,F,FR,2020,441809,,
ESTAT:DEMO_PJAN(1.0),04/12/25 23:00:00,A,NR,Y60,F,FR,2021,442879,,
ESTAT:DEMO_PJAN(1.0),04/12/25 23:00:00,A,NR,Y60,F,FR,2022,441737,,
ESTAT:DEMO_PJAN(1.0),04/12/25 23:00:00,A,NR,Y60,F,FR,2023,441554,p,
ESTAT:DEMO_PJAN(1.0),04/12/25 23:00:00,A,NR,Y60,F,FR,2024,456631,p,
ESTAT:DEMO_PJAN(1.0),04/12/25 23:00:00,A,NR,Y60,M,FR,2020,410004,,
ESTAT:DEMO_PJAN(1.0),04/12/25 23:00:00,A,NR,Y60,M,FR,2021,411999,,
ESTAT:DEMO_PJAN(1.0),04/12/25 23:00:00,A,NR,Y60,M,FR,2022,414697,,
ESTAT:DEMO_PJAN(1.0),04/12/25 23:00:00,A,NR,Y60,M,FR,2023,414368,p,
ESTAT:DEMO_PJAN(1.0),04/12/25 23:00:00,A,NR,Y60,M,FR,2024,427778,p,
ESTAT:DEMO_PJAN(1.0),04/12/25 23:00:00,A,NR,Y61,F,FR,2020,431683,,
ESTAT:DEMO_PJAN(1.0),04/12/25 23:00:00,A,NR,Y61,F,FR,2021,440702,,
ESTAT:DEMO_PJAN(1.0),04/12/25 23:00:00,A,NR,Y61,F,FR,2022,441405,,
ESTAT:DEMO_PJAN(1.0),04/12/25 23:00:00,A,NR,Y61,F,FR,2023,440014,p,
ESTAT:DEMO_PJAN(1.0),04/12/25 23:00:00,A,NR,Y61,F,FR,2024,439823,p,
ESTAT:DEMO_PJAN(1.0),04/12/25 23:00:00,A,NR,Y61,M,FR,2020,396943,,
ESTAT:DEMO_PJAN(1.0),04/12/25 23:00:00,A,NR,Y61,M,FR,2021,406332,,
ESTAT:DEMO_PJAN(1.0),04/12/25 23:00:00,A,NR,Y61,M,FR,2022,409724,,
ESTAT:DEMO_PJAN(1.0),04/12/25 23:00:00,A,NR,Y61,M,FR,2023,411298,p,
ESTAT:DEMO_PJAN(1.0),04/12/25 23:00:00,A,NR,Y61,M,FR,2024,411242,p,
ESTAT:DEMO_PJAN(1.0),04/12/25 23:00:00,A,NR,Y62,F,FR,2020,430614,,
ESTAT:DEMO_PJAN(1.0),04/12/25 23:00:00,A,NR,Y62,F,FR,2021,430374,,
ESTAT:DEMO_PJAN(1.0),04/12/25 23:00:00,A,NR,Y62,F,FR,2022,437614,,
ESTAT:DEMO_PJAN(1.0),04/12/25 23:00:00,A,NR,Y62,F,FR,2023,439553,p,
ESTAT:DEMO_PJAN(1.0),04/12/25 23:00:00,A,NR,Y62,F,FR,2024,438146,p,
ESTAT:DEMO_PJAN(1.0),04/12/25 23:00:00,A,NR,Y62,M,FR,2020,393698,,
ESTAT:DEMO_PJAN(1.0),04/12/25 23:00:00,A,NR,Y62,M,FR,2021,393936,,
ESTAT:DEMO_PJAN(1.0),04/12/25 23:00:00,A,NR,Y62,M,FR,2022,404281,,
ESTAT:DEMO_PJAN(1.0),04/12/25 23:00:00,A,NR,Y62,M,FR,2023,406638,p,
ESTAT:DEMO_PJAN(1.0),04/12/25 23:00:00,A,NR,Y62,M,FR,2024,408358,p,
ESTAT:DEMO_PJAN(1.0),04/12/25 23:00:00,A,NR,Y63,F,FR,2020,427499,,
ESTAT:DEMO_PJAN(1.0),04/12/25 23:00:00,A,NR,Y63,F,FR,2021,427736,,
ESTAT:DEMO_PJAN(1.0),04/12/25 23:00:00,A,NR,Y63,F,FR,2022,428531,,
ESTAT:DEMO_PJAN(1.0),04/12/25 23:00:00,A,NR,Y63,F,FR,2023,434889,p,
ESTAT:DEMO_PJAN(1.0),04/12/25 23:00:00,A,NR,Y63,F,FR,2024,436809,p,
ESTAT:DEMO_PJAN(1.0),04/12/25 23:00:00,A,NR,Y63,M,FR,2020,386276,,
ESTAT:DEMO_PJAN(1.0),04/12/25 23:00:00,A,NR,Y63,M,FR,2021,389950,,
ESTAT:DEMO_PJAN(1.0),04/12/25 23:00:00,A,NR,Y63,M,FR,2022,390831,,
ESTAT:DEMO_PJAN(1.0),04/12/25 23:00:00,A,NR,Y63,M,FR,2023,400529,p,
ESTAT:DEMO_PJAN(1.0),04/12/25 23:00:00,A,NR,Y63,M,FR,2024,403181,p,
ESTAT:DEMO_PJAN(1.0),04/12/25 23:00:00,A,NR,Y64,F,FR,2020,424216,,
ESTAT:DEMO_PJAN(1.0),04/12/25 23:00:00,A,NR,Y64,F,FR,2021,425295,,
ESTAT:DEMO_PJAN(1.0),04/12/25 23:00:00,A,NR,Y64,F,FR,2022,425967,,
ESTAT:DEMO_PJAN(1.0),04/12/25 23:00:00,A,NR,Y64,F,FR,2023,426379,p,
ESTAT:DEMO_PJAN(1.0),04/12/25 23:00:00,A,NR,Y64,F,FR,2024,432691,p,
ESTAT:DEMO_PJAN(1.0),04/12/25 23:00:00,A,NR,Y64,M,FR,2020,379344,,
ESTAT:DEMO_PJAN(1.0),04/12/25 23:00:00,A,NR,Y64,M,FR,2021,382951,,
ESTAT:DEMO_PJAN(1.0),04/12/25 23:00:00,A,NR,Y64,M,FR,2022,385832,,
ESTAT:DEMO_PJAN(1.0),04/12/25 23:00:00,A,NR,Y64,M,FR,2023,386858,p,
ESTAT:DEMO_PJAN(1.0),04/12/25 23:00:00,A,NR,Y64,M,FR,2024,396810,p,
ESTAT:DEMO_PJAN(1.0),04/12/25 23:00:00,A,NR,Y65,F,FR,2020,420242,,
ESTAT:DEMO_PJAN(1.0),04/12/25 23:00:00,A,NR,Y65,F,FR,2021,422136,,
ESTAT:DEMO_PJAN(1.0),04/12/25 23:00:00,A,NR,Y65,F,FR,2022,423489,,
ESTAT:DEMO_PJAN(1.0),04/12/25 23:00:00,A,NR,Y65,F,FR,2023,423493,p,
ESTAT:DEMO_PJAN(1.0),04/12/25 23:00:00,A,NR,Y65,F,FR,2024,424030,p,
ESTAT:DEMO_PJAN(1.0),04/12/25 23:00:00,A,NR,Y65,M,FR,2020,376844,,
ESTAT:DEMO_PJAN(1.0),04/12/25 23:00:00,A,NR,Y65,M,FR,2021,375036,,
ESTAT:DEMO_PJAN(1.0),04/12/25 23:00:00,A,NR,Y65,M,FR,2022,377993,,
ESTAT:DEMO_PJAN(1.0),04/12/25 23:00:00,A,NR,Y65,M,FR,2023,381101,p,
ESTAT:DEMO_PJAN(1.0),04/12/25 23:00:00,A,NR,Y65,M,FR,2024,382491,p,
ESTAT:DEMO_PJAN(1.0),04/12/25 23:00:00,A,NR,Y66,F,FR,2020,411641,,
ESTAT:DEMO_PJAN(1.0),04/12/25 23:00:00,A,NR,Y66,F,FR,2021,417976,,
ESTAT:DEMO_PJAN(1.0),04/12/25 23:00:00,A,NR,Y66,F,FR,2022,419367,,
ESTAT:DEMO_PJAN(1.0),04/12/25 23:00:00,A,NR,Y66,F,FR,2023,420476,p,
ESTAT:DEMO_PJAN(1.0),04/12/25 23:00:00,A,NR,Y66,F,FR,2024,420655,p,
ESTAT:DEMO_PJAN(1.0),04/12/25 23:00:00,A,NR,Y66,M,FR,2020,366563,,
ESTAT:DEMO_PJAN(1.0),04/12/25 23:00:00,A,NR,Y66,M,FR,2021,370901,,
ESTAT:DEMO_PJAN(1.0),04/12/25 23:00:00,A,NR,Y66,M,FR,2022,369990,,
ESTAT:DEMO_PJAN(1.0),04/12/25 23:00:00,A,NR,Y66,M,FR,2023,372408,p,
ESTAT:DEMO_PJAN(1.0),04/12/25 23:00:00,A,NR,Y66,M,FR,2024,375802,p,
ESTAT:DEMO_PJAN(1.0),04/12/25 23:00:00,A,NR,Y67,F,FR,2020,418701,,
ESTAT:DEMO_PJAN(1.0),04/12/25 23:00:00,A,NR,Y67,F,FR,2021,410141,,
ESTAT:DEMO_PJAN(1.0),04/12/25 23:00:00,A,NR,Y67,F,FR,2022,414874,,
ESTAT:DEMO_PJAN(1.0),04/12/25 23:00:00,A,NR,Y67,F,FR,2023,416618,p,
ESTAT:DEMO_PJAN(1.0),04/12/25 23:00:00,A,NR,Y67,F,FR,2024,418032,p,
ESTAT:DEMO_PJAN(1.0),04/12/25 23:00:00,A,NR,Y67,M,FR,2020,369645,,
ESTAT:DEMO_PJAN(1.0),04/12/25 23:00:00,A,NR,Y67,M,FR,2021,360752,,
ESTAT:DEMO_PJAN(1.0),04/12/25 23:00:00,A,NR,Y67,M,FR,2022,367440,,
ESTAT:DEMO_PJAN(1.0),04/12/25 23:00:00,A,NR,Y67,M,FR,2023,364931,p,
ESTAT:DEMO_PJAN(1.0),04/12/25 23:00:00,A,NR,Y67,M,FR,2024,367519,p,
ESTAT:DEMO_PJAN(1.0),04/12/25 23:00:00,A,NR,Y68,F,FR,2020,404945,,
ESTAT:DEMO_PJAN(1.0),04/12/25 23:00:00,A,NR,Y68,F,FR,2021,416013,,
ESTAT:DEMO_PJAN(1.0),04/12/25 23:00:00,A,NR,Y68,F,FR,2022,406751,,
ESTAT:DEMO_PJAN(1.0),04/12/25 23:00:00,A,NR,Y68,F,FR,2023,411401,p,
ESTAT:DEMO_PJAN(1.0),04/12/25 23:00:00,A,NR,Y68,F,FR,2024,413158,p,
ESTAT:DEMO_PJAN(1.0),04/12/25 23:00:00,A,NR,Y68,M,FR,2020,358170,,
ESTAT:DEMO_PJAN(1.0),04/12/25 23:00:00,A,NR,Y68,M,FR,2021,363228,,
ESTAT:DEMO_PJAN(1.0),04/12/25 23:00:00,A,NR,Y68,M,FR,2022,355283,,
ESTAT:DEMO_PJAN(1.0),04/12/25 23:00:00,A,NR,Y68,M,FR,2023,361323,p,
ESTAT:DEMO_PJAN(1.0),04/12/25 23:00:00,A,NR,Y68,M,FR,2024,359120,p,
ESTAT:DEMO_PJAN(1.0),04/12/25 23:00:00,A,NR,Y69,F,FR,2020,417153,,
ESTAT:DEMO_PJAN(1.0),04/12/25 23:00:00,A,NR,Y69,F,FR,2021,401956,,
ESTAT:DEMO_PJAN(1.0),04/12/25 23:00:00,A,NR,Y69,F,FR,2022,412382,,
ESTAT:DEMO_PJAN(1.0),04/12/25 23:00:00,A,NR,Y69,F,FR,2023,403087,p,
ESTAT:DEMO_PJAN(1.0),04/12/25 23:00:00,A,NR,Y69,F,FR,2024,407643,p,
ESTAT:DEMO_PJAN(1.0),04/12/25 23:00:00,A,NR,Y69,M,FR,2020,369286,,
ESTAT:DEMO_PJAN(1.0),04/12/25 23:00:00,A,NR,Y69,M,FR,2021,352187,,
ESTAT:DEMO_PJAN(1.0),04/12/25 23:00:00,A,NR,Y69,M,FR,2022,357367,,
ESTAT:DEMO_PJAN(1.0),04/12/25 23:00:00,A,NR,Y69,M,FR,2023,349475,p,
ESTAT:DEMO_PJAN(1.0),04/12/25 23:00:00,A,NR,Y69,M,FR,2024,355622,p,
ESTAT:DEMO_PJAN(1.0),04/12/25 23:00:00,A,NR,Y7,F,FR,2020,403352,,
ESTAT:DEMO_PJAN(1.0),04/12/25 23:00:00,A,NR,Y7,F,FR,2021,399126,,
ESTAT:DEMO_PJAN(1.0),04/12/25 23:00:00,A,NR,Y7,F,FR,2022,397919,,
ESTAT:DEMO_PJAN(1.0),04/12/25 23:00:00,A,NR,Y7,F,FR,2023,387100,p,
ESTAT:DEMO_PJAN(1.0),04/12/25 23:00:00,A,NR,Y7,F,FR,2024,379494,p,
ESTAT:DEMO_PJAN(1.0),04/12/25 23:00:00,A,NR,Y7,M,FR,2020,423952,,
ESTAT:DEMO_PJAN(1.0),04/12/25 23:00:00,A,NR,Y7,M,FR,2021,416651,,
ESTAT:DEMO_PJAN(1.0),04/12/25 23:00:00,A,NR,Y7,M,FR,2022,416062,,
ESTAT:DEMO_PJAN(1.0),04/12/25 23:00:00,A,NR,Y7,M,FR,2023,407383,p,
ESTAT:DEMO_PJAN(1.0),04/12/25 23:00:00,A,NR,Y7,M,FR,2024,399310,p,
ESTAT:DEMO_PJAN(1.0),04/12/25 23:00:00,A,NR,Y70,F,FR,2020,409721,,
ESTAT:DEMO_PJAN(1.0),04/12/25 23:00:00,A,NR,Y70,F,FR,2021,414185,,
ESTAT:DEMO_PJAN(1.0),04/12/25 23:00:00,A,NR,Y70,F,FR,2022,399426,,
ESTAT:DEMO_PJAN(1.0),04/12/25 23:00:00,A,NR,Y70,F,FR,2023,409123,p,
ESTAT:DEMO_PJAN(1.0),04/12/25 23:00:00,A,NR,Y70,F,FR,2024,399825,p,
ESTAT:DEMO_PJAN(1.0),04/12/25 23:00:00,A,NR,Y70,M,FR,2020,357786,,
ESTAT:DEMO_PJAN(1.0),04/12/25 23:00:00,A,NR,Y70,M,FR,2021,362727,,
ESTAT:DEMO_PJAN(1.0),04/12/25 23:00:00,A,NR,Y70,M,FR,2022,345830,,
ESTAT:DEMO_PJAN(1.0),04/12/25 23:00:00,A,NR,Y70,M,FR,2023,350375,p,
ESTAT:DEMO_PJAN(1.0),04/12/25 23:00:00,A,NR,Y70,M,FR,2024,342813,p,
ESTAT:DEMO_PJAN(1.0),04/12/25 23:00:00,A,NR,Y71,F,FR,2020,407190,,
ESTAT:DEMO_PJAN(1.0),04/12/25 23:00:00,A,NR,Y71,F,FR,2021,407796,,
ESTAT:DEMO_PJAN(1.0),04/12/25 23:00:00,A,NR,Y71,F,FR,2022,410973,,
ESTAT:DEMO_PJAN(1.0),04/12/25 23:00:00,A,NR,Y71,F,FR,2023,396286,p,
ESTAT:DEMO_PJAN(1.0),04/12/25 23:00:00,A,NR,Y71,F,FR,2024,406085,p,
ESTAT:DEMO_PJAN(1.0),04/12/25 23:00:00,A,NR,Y71,M,FR,2020,355316,,
ESTAT:DEMO_PJAN(1.0),04/12/25 23:00:00,A,NR,Y71,M,FR,2021,351519,,
ESTAT:DEMO_PJAN(1.0),04/12/25 23:00:00,A,NR,Y71,M,FR,2022,355581,,
ESTAT:DEMO_PJAN(1.0),04/12/25 23:00:00,A,NR,Y71,M,FR,2023,338977,p,
ESTAT:DEMO_PJAN(1.0),04/12/25 23:00:00,A,NR,Y71,M,FR,2024,343634,p,
ESTAT:DEMO_PJAN(1.0),04/12/25 23:00:00,A,NR,Y72,F,FR,2020,396839,,
ESTAT:DEMO_PJAN(1.0),04/12/25 23:00:00,A,NR,Y72,F,FR,2021,402920,,
ESTAT:DEMO_PJAN(1.0),04/12/25 23:00:00,A,NR,Y72,F,FR,2022,407589,,
ESTAT:DEMO_PJAN(1.0),04/12/25 23:00:00,A,NR,Y72,F,FR,2023,407496,p,
ESTAT:DEMO_PJAN(1.0),04/12/25 23:00:00,A,NR,Y72,F,FR,2024,393195,p,
ESTAT:DEMO_PJAN(1.0),04/12/25 23:00:00,A,NR,Y72,M,FR,2020,343810,,
ESTAT:DEMO_PJAN(1.0),04/12/25 23:00:00,A,NR,Y72,M,FR,2021,347938,,
ESTAT:DEMO_PJAN(1.0),04/12/25 23:00:00,A,NR,Y72,M,FR,2022,345489,,
ESTAT:DEMO_PJAN(1.0),04/12/25 23:00:00,A,NR,Y72,M,FR,2023,347927,p,
ESTAT:DEMO_PJAN(1.0),04/12/25 23:00:00,A,NR,Y72,M,FR,2024,331971,p,
ESTAT:DEMO_PJAN(1.0),04/12/25 23:00:00,A,NR,Y73,F,FR,2020,375339,,
ESTAT:DEMO_PJAN(1.0),04/12/25 23:00:00,A,NR,Y73,F,FR,2021,393124,,
ESTAT:DEMO_PJAN(1.0),04/12/25 23:00:00,A,NR,Y73,F,FR,2022,397839,,
ESTAT:DEMO_PJAN(1.0),04/12/25 23:00:00,A,NR,Y73,F,FR,2023,403029,p,
ESTAT:DEMO_PJAN(1.0),04/12/25 23:00:00,A,NR,Y73,F,FR,2024,403062,p,
ESTAT:DEMO_PJAN(1.0),04/12/25 23:00:00,A,NR,Y73,M,FR,2020,320111,,
ESTAT:DEMO_PJAN(1.0),04/12/25 23:00:00,A,NR,Y73,M,FR,2021,335261,,
ESTAT:DEMO_PJAN(1.0),04/12/25 23:00:00,A,NR,Y73,M,FR,2022,340307,,
ESTAT:DEMO_PJAN(1.0),04/12/25 23:00:00,A,NR,Y73,M,FR,2023,337378,p,
ESTAT:DEMO_PJAN(1.0),04/12/25 23:00:00,A,NR,Y73,M,FR,2024,340202,p,
ESTAT:DEMO_PJAN(1.0),04/12/25 23:00:00,A,NR,Y74,F,FR,2020,283391,,
ESTAT:DEMO_PJAN(1.0),04/12/25 23:00:00,A,NR,Y74,F,FR,2021,370922,,
ESTAT:DEMO_PJAN(1.0),04/12/25 23:00:00,A,NR,Y74,F,FR,2022,389412,,
ESTAT:DEMO_PJAN(1.0),04/12/25 23:00:00,A,NR,Y74,F,FR,2023,392782,p,
ESTAT:DEMO_PJAN(1.0),04/12/25 23:00:00,A,NR,Y74,F,FR,2024,398322,p,
ESTAT:DEMO_PJAN(1.0),04/12/25 23:00:00,A,NR,Y74,M,FR,2020,237120,,
ESTAT:DEMO_PJAN(1.0),04/12/25 23:00:00,A,NR,Y74,M,FR,2021,312694,,
ESTAT:DEMO_PJAN(1.0),04/12/25 23:00:00,A,NR,Y74,M,FR,2022,327377,,
ESTAT:DEMO_PJAN(1.0),04/12/25 23:00:00,A,NR,Y74,M,FR,2023,332184,p,
ESTAT:DEMO_PJAN(1.0),04/12/25 23:00:00,A,NR,Y74,M,FR,2024,329882,p,
ESTAT:DEMO_PJAN(1.0),04/12/25 23:00:00,A,NR,Y75,F,FR,2020,274834,,
ESTAT:DEMO_PJAN(1.0),04/12/25 23:00:00,A,NR,Y75,F,FR,2021,278665,,
ESTAT:DEMO_PJAN(1.0),04/12/25 23:00:00,A,NR,Y75,F,FR,2022,365357,,
ESTAT:DEMO_PJAN(1.0),04/12/25 23:00:00,A,NR,Y75,F,FR,2023,383531,p,
ESTAT:DEMO_PJAN(1.0),04/12/25 23:00:00,A,NR,Y75,F,FR,2024,387298,p,
ESTAT:DEMO_PJAN(1.0),04/12/25 23:00:00,A,NR,Y75,M,FR,2020,227814,,
ESTAT:DEMO_PJAN(1.0),04/12/25 23:00:00,A,NR,Y75,M,FR,2021,230863,,
ESTAT:DEMO_PJAN(1.0),04/12/25 23:00:00,A,NR,Y75,M,FR,2022,303958,,
ESTAT:DEMO_PJAN(1.0),04/12/25 23:00:00,A,NR,Y75,M,FR,2023,318555,p,
ESTAT:DEMO_PJAN(1.0),04/12/25 23:00:00,A,NR,Y75,M,FR,2024,323519,p,
ESTAT:DEMO_PJAN(1.0),04/12/25 23:00:00,A,NR,Y76,F,FR,2020,266886,,
ESTAT:DEMO_PJAN(1.0),04/12/25 23:00:00,A,NR,Y76,F,FR,2021,269930,,
ESTAT:DEMO_PJAN(1.0),04/12/25 23:00:00,A,NR,Y76,F,FR,2022,273583,,
ESTAT:DEMO_PJAN(1.0),04/12/25 23:00:00,A,NR,Y76,F,FR,2023,359141,p,
ESTAT:DEMO_PJAN(1.0),04/12/25 23:00:00,A,NR,Y76,F,FR,2024,377281,p,
ESTAT:DEMO_PJAN(1.0),04/12/25 23:00:00,A,NR,Y76,M,FR,2020,217600,,
ESTAT:DEMO_PJAN(1.0),04/12/25 23:00:00,A,NR,Y76,M,FR,2021,220651,,
ESTAT:DEMO_PJAN(1.0),04/12/25 23:00:00,A,NR,Y76,M,FR,2022,223684,,
ESTAT:DEMO_PJAN(1.0),04/12/25 23:00:00,A,NR,Y76,M,FR,2023,294438,p,
ESTAT:DEMO_PJAN(1.0),04/12/25 23:00:00,A,NR,Y76,M,FR,2024,309148,p,
ESTAT:DEMO_PJAN(1.0),04/12/25 23:00:00,A,NR,Y77,F,FR,2020,245344,,
ESTAT:DEMO_PJAN(1.0),04/12/25 23:00:00,A,NR,Y77,F,FR,2021,260915,,
ESTAT:DEMO_PJAN(1.0),04/12/25 23:00:00,A,NR,Y77,F,FR,2022,263969,,
ESTAT:DEMO_PJAN(1.0),04/12/25 23:00:00,A,NR,Y77,F,FR,2023,267613,p,
ESTAT:DEMO_PJAN(1.0),04/12/25 23:00:00,A,NR,Y77,F,FR,2024,352196,p,
ESTAT:DEMO_PJAN(1.0),04/12/25 23:00:00,A,NR,Y77,M,FR,2020,198087,,
ESTAT:DEMO_PJAN(1.0),04/12/25 23:00:00,A,NR,Y77,M,FR,2021,210798,,
ESTAT:DEMO_PJAN(1.0),04/12/25 23:00:00,A,NR,Y77,M,FR,2022,212953,,
ESTAT:DEMO_PJAN(1.0),04/12/25 23:00:00,A,NR,Y77,M,FR,2023,216008,p,
ESTAT:DEMO_PJAN(1.0),04/12/25 23:00:00,A,NR,Y77,M,FR,2024,284957,p,
ESTAT:DEMO_PJAN(1.0),04/12/25 23:00:00,A,NR,Y78,F,FR,2020,217347,,
ESTAT:DEMO_PJAN(1.0),04/12/25 23:00:00,A,NR,Y78,F,FR,2021,240394,,
ESTAT:DEMO_PJAN(1.0),04/12/25 23:00:00,A,NR,Y78,F,FR,2022,254638,,
ESTAT:DEMO_PJAN(1.0),04/12/25 23:00:00,A,NR,Y78,F,FR,2023,257815,p,
ESTAT:DEMO_PJAN(1.0),04/12/25 23:00:00,A,NR,Y78,F,FR,2024,261574,p,
ESTAT:DEMO_PJAN(1.0),04/12/25 23:00:00,A,NR,Y78,M,FR,2020,171701,,
ESTAT:DEMO_PJAN(1.0),04/12/25 23:00:00,A,NR,Y78,M,FR,2021,190911,,
ESTAT:DEMO_PJAN(1.0),04/12/25 23:00:00,A,NR,Y78,M,FR,2022,203095,,
ESTAT:DEMO_PJAN(1.0),04/12/25 23:00:00,A,NR,Y78,M,FR,2023,205257,p,
ESTAT:DEMO_PJAN(1.0),04/12/25 23:00:00,A,NR,Y78,M,FR,2024,208693,p,
ESTAT:DEMO_PJAN(1.0),04/12/25 23:00:00,A,NR,Y79,F,FR,2020,224828,,
ESTAT:DEMO_PJAN(1.0),04/12/25 23:00:00,A,NR,Y79,F,FR,2021,212768,,
ESTAT:DEMO_PJAN(1.0),04/12/25 23:00:00,A,NR,Y79,F,FR,2022,234605,,
ESTAT:DEMO_PJAN(1.0),04/12/25 23:00:00,A,NR,Y79,F,FR,2023,248667,p,
ESTAT:DEMO_PJAN(1.0),04/12/25 23:00:00,A,NR,Y79,F,FR,2024,251948,p,
ESTAT:DEMO_PJAN(1.0),04/12/25 23:00:00,A,NR,Y79,M,FR,2020,173300,,
ESTAT:DEMO_PJAN(1.0),04/12/25 23:00:00,A,NR,Y79,M,FR,2021,164239,,
ESTAT:DEMO_PJAN(1.0),04/12/25 23:00:00,A,NR,Y79,M,FR,2022,182792,,
ESTAT:DEMO_PJAN(1.0),04/12/25 23:00:00,A,NR,Y79,M,FR,2023,194775,p,
ESTAT:DEMO_PJAN(1.0),04/12/25 23:00:00,A,NR,Y79,M,FR,2024,197294,p,
ESTAT:DEMO_PJAN(1.0),04/12/25 23:00:00,A,NR,Y8,F,FR,2020,406538,,
ESTAT:DEMO_PJAN(1.0),04/12/25 23:00:00,A,NR,Y8,F,FR,2021,406068,,
ESTAT:DEMO_PJAN(1.0),04/12/25 23:00:00,A,NR,Y8,F,FR,2022,400816,,
ESTAT:DEMO_PJAN(1.0),04/12/25 23:00:00,A,NR,Y8,F,FR,2023,399063,p,
ESTAT:DEMO_PJAN(1.0),04/12/25 23:00:00,A,NR,Y8,F,FR,2024,389554,p,
ESTAT:DEMO_PJAN(1.0),04/12/25 23:00:00,A,NR,Y8,M,FR,2020,425372,,
ESTAT:DEMO_PJAN(1.0),04/12/25 23:00:00,A,NR,Y8,M,FR,2021,425792,,
ESTAT:DEMO_PJAN(1.0),04/12/25 23:00:00,A,NR,Y8,M,FR,2022,420164,,
ESTAT:DEMO_PJAN(1.0),04/12/25 23:00:00,A,NR,Y8,M,FR,2023,418105,p,
ESTAT:DEMO_PJAN(1.0),04/12/25 23:00:00,A,NR,Y8,M,FR,2024,410731,p,
ESTAT:DEMO_PJAN(1.0),04/12/25 23:00:00,A,NR,Y80,F,FR,2020,236784,,
ESTAT:DEMO_PJAN(1.0),04/12/25 23:00:00,A,NR,Y80,F,FR,2021,218300,,
ESTAT:DEMO_PJAN(1.0),04/12/25 23:00:00,A,NR,Y80,F,FR,2022,206537,,
ESTAT:DEMO_PJAN(1.0),04/12/25 23:00:00,A,NR,Y80,F,FR,2023,228040,p,
ESTAT:DEMO_PJAN(1.0),04/12/25 23:00:00,A,NR,Y80,F,FR,2024,241974,p,
ESTAT:DEMO_PJAN(1.0),04/12/25 23:00:00,A,NR,Y80,M,FR,2020,173287,,
ESTAT:DEMO_PJAN(1.0),04/12/25 23:00:00,A,NR,Y80,M,FR,2021,164832,,
ESTAT:DEMO_PJAN(1.0),04/12/25 23:00:00,A,NR,Y80,M,FR,2022,156821,,
ESTAT:DEMO_PJAN(1.0),04/12/25 23:00:00,A,NR,Y80,M,FR,2023,174330,p,
ESTAT:DEMO_PJAN(1.0),04/12/25 23:00:00,A,NR,Y80,M,FR,2024,186284,p,
ESTAT:DEMO_PJAN(1.0),04/12/25 23:00:00,A,NR,Y81,F,FR,2020,227189,,
ESTAT:DEMO_PJAN(1.0),04/12/25 23:00:00,A,NR,Y81,F,FR,2021,227949,,
ESTAT:DEMO_PJAN(1.0),04/12/25 23:00:00,A,NR,Y81,F,FR,2022,211596,,
ESTAT:DEMO_PJAN(1.0),04/12/25 23:00:00,A,NR,Y81,F,FR,2023,199594,p,
ESTAT:DEMO_PJAN(1.0),04/12/25 23:00:00,A,NR,Y81,F,FR,2024,221002,p,
ESTAT:DEMO_PJAN(1.0),04/12/25 23:00:00,A,NR,Y81,M,FR,2020,163809,,
ESTAT:DEMO_PJAN(1.0),04/12/25 23:00:00,A,NR,Y81,M,FR,2021,163627,,
ESTAT:DEMO_PJAN(1.0),04/12/25 23:00:00,A,NR,Y81,M,FR,2022,156293,,
ESTAT:DEMO_PJAN(1.0),04/12/25 23:00:00,A,NR,Y81,M,FR,2023,148452,p,
ESTAT:DEMO_PJAN(1.0),04/12/25 23:00:00,A,NR,Y81,M,FR,2024,165797,p,
ESTAT:DEMO_PJAN(1.0),04/12/25 23:00:00,A,NR,Y82,F,FR,2020,220760,,
ESTAT:DEMO_PJAN(1.0),04/12/25 23:00:00,A,NR,Y82,F,FR,2021,218872,,
ESTAT:DEMO_PJAN(1.0),04/12/25 23:00:00,A,NR,Y82,F,FR,2022,220031,,
ESTAT:DEMO_PJAN(1.0),04/12/25 23:00:00,A,NR,Y82,F,FR,2023,203743,p,
ESTAT:DEMO_PJAN(1.0),04/12/25 23:00:00,A,NR,Y82,F,FR,2024,192648,p,
ESTAT:DEMO_PJAN(1.0),04/12/25 23:00:00,A,NR,Y82,M,FR,2020,153667,,
ESTAT:DEMO_PJAN(1.0),04/12/25 23:00:00,A,NR,Y82,M,FR,2021,153793,,
ESTAT:DEMO_PJAN(1.0),04/12/25 23:00:00,A,NR,Y82,M,FR,2022,154208,,
ESTAT:DEMO_PJAN(1.0),04/12/25 23:00:00,A,NR,Y82,M,FR,2023,147480,p,
ESTAT:DEMO_PJAN(1.0),04/12/25 23:00:00,A,NR,Y82,M,FR,2024,140607,p,
ESTAT:DEMO_PJAN(1.0),04/12/25 23:00:00,A,NR,Y83,F,FR,2020,216543,,
ESTAT:DEMO_PJAN(1.0),04/12/25 23:00:00,A,NR,Y83,F,FR,2021,211381,,
ESTAT:DEMO_PJAN(1.0),04/12/25 23:00:00,A,NR,Y83,F,FR,2022,210469,,
ESTAT:DEMO_PJAN(1.0),04/12/25 23:00:00,A,NR,Y83,F,FR,2023,211109,p,
ESTAT:DEMO_PJAN(1.0),04/12/25 23:00:00,A,NR,Y83,F,FR,2024,195870,p,
ESTAT:DEMO_PJAN(1.0),04/12/25 23:00:00,A,NR,Y83,M,FR,2020,145798,,
ESTAT:DEMO_PJAN(1.0),04/12/25 23:00:00,A,NR,Y83,M,FR,2021,142784,,
ESTAT:DEMO_PJAN(1.0),04/12/25 23:00:00,A,NR,Y83,M,FR,2022,144008,,
ESTAT:DEMO_PJAN(1.0),04/12/25 23:00:00,A,NR,Y83,M,FR,2023,144207,p,
ESTAT:DEMO_PJAN(1.0),04/12/25 23:00:00,A,NR,Y83,M,FR,2024,138379,p,
ESTAT:DEMO_PJAN(1.0),04/12/25 23:00:00,A,NR,Y84,F,FR,2020,207121,,
ESTAT:DEMO_PJAN(1.0),04/12/25 23:00:00,A,NR,Y84,F,FR,2021,207014,,
ESTAT:DEMO_PJAN(1.0),04/12/25 23:00:00,A,NR,Y84,F,FR,2022,201474,,
ESTAT:DEMO_PJAN(1.0),04/12/25 23:00:00,A,NR,Y84,F,FR,2023,200950,p,
ESTAT:DEMO_PJAN(1.0),04/12/25 23:00:00,A,NR,Y84,F,FR,2024,202070,p,
ESTAT:DEMO_PJAN(1.0),04/12/25 23:00:00,A,NR,Y84,M,FR,2020,130138,,
ESTAT:DEMO_PJAN(1.0),04/12/25 23:00:00,A,NR,Y84,M,FR,2021,134503,,
ESTAT:DEMO_PJAN(1.0),04/12/25 23:00:00,A,NR,Y84,M,FR,2022,132753,,
ESTAT:DEMO_PJAN(1.0),04/12/25 23:00:00,A,NR,Y84,M,FR,2023,133578,p,
ESTAT:DEMO_PJAN(1.0),04/12/25 23:00:00,A,NR,Y84,M,FR,2024,134292,p,
ESTAT:DEMO_PJAN(1.0),04/12/25 23:00:00,A,NR,Y85,F,FR,2020,202522,,
ESTAT:DEMO_PJAN(1.0),04/12/25 23:00:00,A,NR,Y85,F,FR,2021,195256,,
ESTAT:DEMO_PJAN(1.0),04/12/25 23:00:00,A,NR,Y85,F,FR,2022,195512,,
ESTAT:DEMO_PJAN(1.0),04/12/25 23:00:00,A,NR,Y85,F,FR,2023,190394,p,
ESTAT:DEMO_PJAN(1.0),04/12/25 23:00:00,A,NR,Y85,F,FR,2024,190399,p,
ESTAT:DEMO_PJAN(1.0),04/12/25 23:00:00,A,NR,Y85,M,FR,2020,122211,,
ESTAT:DEMO_PJAN(1.0),04/12/25 23:00:00,A,NR,Y85,M,FR,2021,118892,,
ESTAT:DEMO_PJAN(1.0),04/12/25 23:00:00,A,NR,Y85,M,FR,2022,122811,,
ESTAT:DEMO_PJAN(1.0),04/12/25 23:00:00,A,NR,Y85,M,FR,2023,121874,p,
ESTAT:DEMO_PJAN(1.0),04/12/25 23:00:00,A,NR,Y85,M,FR,2024,123347,p,
ESTAT:DEMO_PJAN(1.0),04/12/25 23:00:00,A,NR,Y86,F,FR,2020,185981,,
ESTAT:DEMO_PJAN(1.0),04/12/25 23:00:00,A,NR,Y86,F,FR,2021,189454,,
ESTAT:DEMO_PJAN(1.0),04/12/25 23:00:00,A,NR,Y86,F,FR,2022,183321,,
ESTAT:DEMO_PJAN(1.0),04/12/25 23:00:00,A,NR,Y86,F,FR,2023,183306,p,
ESTAT:DEMO_PJAN(1.0),04/12/25 23:00:00,A,NR,Y86,F,FR,2024,178901,p,
ESTAT:DEMO_PJAN(1.0),04/12/25 23:00:00,A,NR,Y86,M,FR,2020,107316,,
ESTAT:DEMO_PJAN(1.0),04/12/25 23:00:00,A,NR,Y86,M,FR,2021,110180,,
ESTAT:DEMO_PJAN(1.0),04/12/25 23:00:00,A,NR,Y86,M,FR,2022,108126,,
ESTAT:DEMO_PJAN(1.0),04/12/25 23:00:00,A,NR,Y86,M,FR,2023,111295,p,
ESTAT:DEMO_PJAN(1.0),04/12/25 23:00:00,A,NR,Y86,M,FR,2024,111263,p,
ESTAT:DEMO_PJAN(1.0),04/12/25 23:00:00,A,NR,Y87,F,FR,2020,182020,,
ESTAT:DEMO_PJAN(1.0),04/12/25 23:00:00,A,NR,Y87,F,FR,2021,173770,,
ESTAT:DEMO_PJAN(1.0),04/12/25 23:00:00,A,NR,Y87,F,FR,2022,176005,,
ESTAT:DEMO_PJAN(1.0),04/12/25 23:00:00,A,NR,Y87,F,FR,2023,170726,p,
ESTAT:DEMO_PJAN(1.0),04/12/25 23:00:00,A,NR,Y87,F,FR,2024,171619,p,
ESTAT:DEMO_PJAN(1.0),04/12/25 23:00:00,A,NR,Y87,M,FR,2020,98382,,
ESTAT:DEMO_PJAN(1.0),04/12/25 23:00:00,A,NR,Y87,M,FR,2021,95167,,
ESTAT:DEMO_PJAN(1.0),04/12/25 23:00:00,A,NR,Y87,M,FR,2022,98899,,
ESTAT:DEMO_PJAN(1.0),04/12/25 23:00:00,A,NR,Y87,M,FR,2023,96584,p,
ESTAT:DEMO_PJAN(1.0),04/12/25 23:00:00,A,NR,Y87,M,FR,2024,100443,p,
ESTAT:DEMO_PJAN(1.0),04/12/25 23:00:00,A,NR,Y88,F,FR,2020,164573,,
ESTAT:DEMO_PJAN(1.0),04/12/25 23:00:00,A,NR,Y88,F,FR,2021,166501,,
ESTAT:DEMO_PJAN(1.0),04/12/25 23:00:00,A,NR,Y88,F,FR,2022,159134,,
ESTAT:DEMO_PJAN(1.0),04/12/25 23:00:00,A,NR,Y88,F,FR,2023,161190,p,
ESTAT:DEMO_PJAN(1.0),04/12/25 23:00:00,A,NR,Y88,F,FR,2024,157532,p,
ESTAT:DEMO_PJAN(1.0),04/12/25 23:00:00,A,NR,Y88,M,FR,2020,84762,,
ESTAT:DEMO_PJAN(1.0),04/12/25 23:00:00,A,NR,Y88,M,FR,2021,86133,,
ESTAT:DEMO_PJAN(1.0),04/12/25 23:00:00,A,NR,Y88,M,FR,2022,83770,,
ESTAT:DEMO_PJAN(1.0),04/12/25 23:00:00,A,NR,Y88,M,FR,2023,87065,p,
ESTAT:DEMO_PJAN(1.0),04/12/25 23:00:00,A,NR,Y88,M,FR,2024,85850,p,
ESTAT:DEMO_PJAN(1.0),04/12/25 23:00:00,A,NR,Y89,F,FR,2020,150387,,
ESTAT:DEMO_PJAN(1.0),04/12/25 23:00:00,A,NR,Y89,F,FR,2021,149261,,
ESTAT:DEMO_PJAN(1.0),04/12/25 23:00:00,A,NR,Y89,F,FR,2022,151059,,
ESTAT:DEMO_PJAN(1.0),04/12/25 23:00:00,A,NR,Y89,F,FR,2023,144152,p,
ESTAT:DEMO_PJAN(1.0),04/12/25 23:00:00,A,NR,Y89,F,FR,2024,146944,p,
ESTAT:DEMO_PJAN(1.0),04/12/25 23:00:00,A,NR,Y89,M,FR,2020,72550,,
ESTAT:DEMO_PJAN(1.0),04/12/25 23:00:00,A,NR,Y89,M,FR,2021,72821,,
ESTAT:DEMO_PJAN(1.0),04/12/25 23:00:00,A,NR,Y89,M,FR,2022,74336,,
ESTAT:DEMO_PJAN(1.0),04/12/25 23:00:00,A,NR,Y89,M,FR,2023,71926,p,
ESTAT:DEMO_PJAN(1.0),04/12/25 23:00:00,A,NR,Y89,M,FR,2024,75944,p,
ESTAT:DEMO_PJAN(1.0),04/12/25 23:00:00,A,NR,Y9,F,FR,2020,417614,,
ESTAT:DEMO_PJAN(1.0),04/12/25 23:00:00,A,NR,Y9,F,FR,2021,409164,,
ESTAT:DEMO_PJAN(1.0),04/12/25 23:00:00,A,NR,Y9,F,FR,2022,408665,,
ESTAT:DEMO_PJAN(1.0),04/12/25 23:00:00,A,NR,Y9,F,FR,2023,402643,p,
ESTAT:DEMO_PJAN(1.0),04/12/25 23:00:00,A,NR,Y9,F,FR,2024,402110,p,
ESTAT:DEMO_PJAN(1.0),04/12/25 23:00:00,A,NR,Y9,M,FR,2020,437404,,
ESTAT:DEMO_PJAN(1.0),04/12/25 23:00:00,A,NR,Y9,M,FR,2021,427962,,
ESTAT:DEMO_PJAN(1.0),04/12/25 23:00:00,A,NR,Y9,M,FR,2022,427857,,
ESTAT:DEMO_PJAN(1.0),04/12/25 23:00:00,A,NR,Y9,M,FR,2023,421999,p,
ESTAT:DEMO_PJAN(1.0),04/12/25 23:00:00,A,NR,Y9,M,FR,2024,421212,p,
ESTAT:DEMO_PJAN(1.0),04/12/25 23:00:00,A,NR,Y90,F,FR,2020,127202,,
ESTAT:DEMO_PJAN(1.0),04/12/25 23:00:00,A,NR,Y90,F,FR,2021,132785,,
ESTAT:DEMO_PJAN(1.0),04/12/25 23:00:00,A,NR,Y90,F,FR,2022,133708,,
ESTAT:DEMO_PJAN(1.0),04/12/25 23:00:00,A,NR,Y90,F,FR,2023,134530,p,
ESTAT:DEMO_PJAN(1.0),04/12/25 23:00:00,A,NR,Y90,F,FR,2024,129533,p,
ESTAT:DEMO_PJAN(1.0),04/12/25 23:00:00,A,NR,Y90,M,FR,2020,57294,,
ESTAT:DEMO_PJAN(1.0),04/12/25 23:00:00,A,NR,Y90,M,FR,2021,60515,,
ESTAT:DEMO_PJAN(1.0),04/12/25 23:00:00,A,NR,Y90,M,FR,2022,61860,,
ESTAT:DEMO_PJAN(1.0),04/12/25 23:00:00,A,NR,Y90,M,FR,2023,62959,p,
ESTAT:DEMO_PJAN(1.0),04/12/25 23:00:00,A,NR,Y90,M,FR,2024,61728,p,
ESTAT:DEMO_PJAN(1.0),04/12/25 23:00:00,A,NR,Y91,F,FR,2020,111091,,
ESTAT:DEMO_PJAN(1.0),04/12/25 23:00:00,A,NR,Y91,F,FR,2021,110238,,
ESTAT:DEMO_PJAN(1.0),04/12/25 23:00:00,A,NR,Y91,F,FR,2022,116544,,
ESTAT:DEMO_PJAN(1.0),04/12/25 23:00:00,A,NR,Y91,F,FR,2023,116971,p,
ESTAT:DEMO_PJAN(1.0),04/12/25 23:00:00,A,NR,Y91,F,FR,2024,118851,p,
ESTAT:DEMO_PJAN(1.0),04/12/25 23:00:00,A,NR,Y91,M,FR,2020,46540,,
ESTAT:DEMO_PJAN(1.0),04/12/25 23:00:00,A,NR,Y91,M,FR,2021,47123,,
ESTAT:DEMO_PJAN(1.0),04/12/25 23:00:00,A,NR,Y91,M,FR,2022,50034,,
ESTAT:DEMO_PJAN(1.0),04/12/25 23:00:00,A,NR,Y91,M,FR,2023,51256,p,
ESTAT:DEMO_PJAN(1.0),04/12/25 23:00:00,A,NR,Y91,M,FR,2024,53035,p,
ESTAT:DEMO_PJAN(1.0),04/12/25 23:00:00,A,NR,Y92,F,FR,2020,93756,,
ESTAT:DEMO_PJAN(1.0),04/12/25 23:00:00,A,NR,Y92,F,FR,2021,95200,,
ESTAT:DEMO_PJAN(1.0),04/12/25 23:00:00,A,NR,Y92,F,FR,2022,94473,,
ESTAT:DEMO_PJAN(1.0),04/12/25 23:00:00,A,NR,Y92,F,FR,2023,99958,p,
ESTAT:DEMO_PJAN(1.0),04/12/25 23:00:00,A,NR,Y92,F,FR,2024,101662,p,
ESTAT:DEMO_PJAN(1.0),04/12/25 23:00:00,A,NR,Y92,M,FR,2020,36150,,
ESTAT:DEMO_PJAN(1.0),04/12/25 23:00:00,A,NR,Y92,M,FR,2021,37527,,
ESTAT:DEMO_PJAN(1.0),04/12/25 23:00:00,A,NR,Y92,M,FR,2022,37892,,
ESTAT:DEMO_PJAN(1.0),04/12/25 23:00:00,A,NR,Y92,M,FR,2023,39982,p,
ESTAT:DEMO_PJAN(1.0),04/12/25 23:00:00,A,NR,Y92,M,FR,2024,42143,p,
ESTAT:DEMO_PJAN(1.0),04/12/25 23:00:00,A,NR,Y93,F,FR,2020,79523,,
ESTAT:DEMO_PJAN(1.0),04/12/25 23:00:00,A,NR,Y93,F,FR,2021,78497,,
ESTAT:DEMO_PJAN(1.0),04/12/25 23:00:00,A,NR,Y93,F,FR,2022,80050,,
ESTAT:DEMO_PJAN(1.0),04/12/25 23:00:00,A,NR,Y93,F,FR,2023,79214,p,
ESTAT:DEMO_PJAN(1.0),04/12/25 23:00:00,A,NR,Y93,F,FR,2024,84769,p,
ESTAT:DEMO_PJAN(1.0),04/12/25 23:00:00,A,NR,Y93,M,FR,2020,28240,,
ESTAT:DEMO_PJAN(1.0),04/12/25 23:00:00,A,NR,Y93,M,FR,2021,28147,,
ESTAT:DEMO_PJAN(1.0),04/12/25 23:00:00,A,NR,Y93,M,FR,2022,29405,,
ESTAT:DEMO_PJAN(1.0),04/12/25 23:00:00,A,NR,Y93,M,FR,2023,29494,p,
ESTAT:DEMO_PJAN(1.0),04/12/25 23:00:00,A,NR,Y93,M,FR,2024,31962,p,
ESTAT:DEMO_PJAN(1.0),04/12/25 23:00:00,A,NR,Y94,F,FR,2020,64457,,
ESTAT:DEMO_PJAN(1.0),04/12/25 23:00:00,A,NR,Y94,F,FR,2021,65328,,
ESTAT:DEMO_PJAN(1.0),04/12/25 23:00:00,A,NR,Y94,F,FR,2022,64027,,
ESTAT:DEMO_PJAN(1.0),04/12/25 23:00:00,A,NR,Y94,F,FR,2023,65392,p,
ESTAT:DEMO_PJAN(1.0),04/12/25 23:00:00,A,NR,Y94,F,FR,2024,65422,p,
ESTAT:DEMO_PJAN(1.0),04/12/25 23:00:00,A,NR,Y94,M,FR,2020,21065,,
ESTAT:DEMO_PJAN(1.0),04/12/25 23:00:00,A,NR,Y94,M,FR,2021,21500,,
ESTAT:DEMO_PJAN(1.0),04/12/25 23:00:00,A,NR,Y94,M,FR,2022,21630,,
ESTAT:DEMO_PJAN(1.0),04/12/25 23:00:00,A,NR,Y94,M,FR,2023,22362,p,
ESTAT:DEMO_PJAN(1.0),04/12/25 23:00:00,A,NR,Y94,M,FR,2024,22729,p,
ESTAT:DEMO_PJAN(1.0),04/12/25 23:00:00,A,NR,Y95,F,FR,2020,50282,,
ESTAT:DEMO_PJAN(1.0),04/12/25 23:00:00,A,NR,Y95,F,FR,2021,51465,,
ESTAT:DEMO_PJAN(1.0),04/12/25 23:00:00,A,NR,Y95,F,FR,2022,52228,,
ESTAT:DEMO_PJAN(1.0),04/12/25 23:00:00,A,NR,Y95,F,FR,2023,50691,p,
ESTAT:DEMO_PJAN(1.0),04/12/25 23:00:00,A,NR,Y95,F,FR,2024,52497,p,
ESTAT:DEMO_PJAN(1.0),04/12/25 23:00:00,A,NR,Y95,M,FR,2020,15281,,
ESTAT:DEMO_PJAN(1.0),04/12/25 23:00:00,A,NR,Y95,M,FR,2021,15185,,
ESTAT:DEMO_PJAN(1.0),04/12/25 23:00:00,A,NR,Y95,M,FR,2022,15798,,
ESTAT:DEMO_PJAN(1.0),04/12/25 23:00:00,A,NR,Y95,M,FR,2023,15532,p,
ESTAT:DEMO_PJAN(1.0),04/12/25 23:00:00,A,NR,Y95,M,FR,2024,16599,p,
ESTAT:DEMO_PJAN(1.0),04/12/25 23:00:00,A,NR,Y96,F,FR,2020,39243,,
ESTAT:DEMO_PJAN(1.0),04/12/25 23:00:00,A,NR,Y96,F,FR,2021,38822,,
ESTAT:DEMO_PJAN(1.0),04/12/25 23:00:00,A,NR,Y96,F,FR,2022,40072,,
ESTAT:DEMO_PJAN(1.0),04/12/25 23:00:00,A,NR,Y96,F,FR,2023,40095,p,
ESTAT:DEMO_PJAN(1.0),04/12/25 23:00:00,A,NR,Y96,F,FR,2024,39445,p,
ESTAT:DEMO_PJAN(1.0),04/12/25 23:00:00,A,NR,Y96,M,FR,2020,11030,,
ESTAT:DEMO_PJAN(1.0),04/12/25 23:00:00,A,NR,Y96,M,FR,2021,10582,,
ESTAT:DEMO_PJAN(1.0),04/12/25 23:00:00,A,NR,Y96,M,FR,2022,10999,,
ESTAT:DEMO_PJAN(1.0),04/12/25 23:00:00,A,NR,Y96,M,FR,2023,11173,p,
ESTAT:DEMO_PJAN(1.0),04/12/25 23:00:00,A,NR,Y96,M,FR,2024,11131,p,
ESTAT:DEMO_PJAN(1.0),04/12/25 23:00:00,A,NR,Y97,F,FR,2020,29504,,
ESTAT:DEMO_PJAN(1.0),04/12/25 23:00:00,A,NR,Y97,F,FR,2021,29808,,
ESTAT:DEMO_PJAN(1.0),04/12/25 23:00:00,A,NR,Y97,F,FR,2022,29408,,
ESTAT:DEMO_PJAN(1.0),04/12/25 23:00:00,A,NR,Y97,F,FR,2023,29811,p,
ESTAT:DEMO_PJAN(1.0),04/12/25 23:00:00,A,NR,Y97,F,FR,2024,30424,p,
ESTAT:DEMO_PJAN(1.0),04/12/25 23:00:00,A,NR,Y97,M,FR,2020,7264,,
ESTAT:DEMO_PJAN(1.0),04/12/25 23:00:00,A,NR,Y97,M,FR,2021,7460,,
ESTAT:DEMO_PJAN(1.0),04/12/25 23:00:00,A,NR,Y97,M,FR,2022,7317,,
ESTAT:DEMO_PJAN(1.0),04/12/25 23:00:00,A,NR,Y97,M,FR,2023,7407,p,
ESTAT:DEMO_PJAN(1.0),04/12/25 23:00:00,A,NR,Y97,M,FR,2024,7854,p,
ESTAT:DEMO_PJAN(1.0),04/12/25 23:00:00,A,NR,Y98,F,FR,2020,22012,,
ESTAT:DEMO_PJAN(1.0),04/12/25 23:00:00,A,NR,Y98,F,FR,2021,21395,,
ESTAT:DEMO_PJAN(1.0),04/12/25 23:00:00,A,NR,Y98,F,FR,2022,21977,,
ESTAT:DEMO_PJAN(1.0),04/12/25 23:00:00,A,NR,Y98,F,FR,2023,21054,p,
ESTAT:DEMO_PJAN(1.0),04/12/25 23:00:00,A,NR,Y98,F,FR,2024,21787,p,
ESTAT:DEMO_PJAN(1.0),04/12/25 23:00:00,A,NR,Y98,M,FR,2020,5243,,
ESTAT:DEMO_PJAN(1.0),04/12/25 23:00:00,A,NR,Y98,M,FR,2021,4930,,
ESTAT:DEMO_PJAN(1.0),04/12/25 23:00:00,A,NR,Y98,M,FR,2022,5001,,
ESTAT:DEMO_PJAN(1.0),04/12/25 23:00:00,A,NR,Y98,M,FR,2023,4716,p,
ESTAT:DEMO_PJAN(1.0),04/12/25 23:00:00,A,NR,Y98,M,FR,2024,4967,p,
ESTAT:DEMO_PJAN(1.0),04/12/25 23:00:00,A,NR,Y99,F,FR,2020,15470,,
ESTAT:DEMO_PJAN(1.0),04/12/25 23:00:00,A,NR,Y99,F,FR,2021,15452,,
ESTAT:DEMO_PJAN(1.0),04/12/25 23:00:00,A,NR,Y99,F,FR,2022,15387,,
ESTAT:DEMO_PJAN(1.0),04/12/25 23:00:00,A,NR,Y99,F,FR,2023,15434,p,
ESTAT:DEMO_PJAN(1.0),04/12/25 23:00:00,A,NR,Y99,F,FR,2024,14719,p,
ESTAT:DEMO_PJAN(1.0),04/12/25 23:00:00,A,NR,Y99,M,FR,2020,3252,,
ESTAT:DEMO_PJAN(1.0),04/12/25 23:00:00,A,NR,Y99,M,FR,2021,3403,,
ESTAT:DEMO_PJAN(1.0),04/12/25 23:00:00,A,NR,Y99,M,FR,2022,3293,,
ESTAT:DEMO_PJAN(1.0),04/12/25 23:00:00,A,NR,Y99,M,FR,2023,3119,p,
ESTAT:DEMO_PJAN(1.0),04/12/25 23:00:00,A,NR,Y99,M,FR,2024,3134,p,
ESTAT:DEMO_PJAN(1.0),04/12/25 23:00:00,A,NR,Y_LT1,F,FR,2020,345971,,
ESTAT:DEMO_PJAN(1.0),04/12/25 23:00:00,A,NR,Y_LT1,F,FR,2021,339351,,
ESTAT:DEMO_PJAN(1.0),04/12/25 23:00:00,A,NR,Y_LT1,F,FR,2022,339904,,
ESTAT:DEMO_PJAN(1.0),04/12/25 23:00:00,A,NR,Y_LT1,F,FR,2023,331217,p,
ESTAT:DEMO_PJAN(1.0),04/12/25 23:00:00,A,NR,Y_LT1,F,FR,2024,309963,p,
ESTAT:DEMO_PJAN(1.0),04/12/25 23:00:00,A,NR,Y_LT1,M,FR,2020,362071,,
ESTAT:DEMO_PJAN(1.0),04/12/25 23:00:00,A,NR,Y_LT1,M,FR,2021,351711,,
ESTAT:DEMO_PJAN(1.0),04/12/25 23:00:00,A,NR,Y_LT1,M,FR,2022,354902,,
ESTAT:DEMO_PJAN(1.0),04/12/25 23:00:00,A,NR,Y_LT1,M,FR,2023,345598,p,
ESTAT:DEMO_PJAN(1.0),04/12/25 23:00:00,A,NR,Y_LT1,M,FR,2024,323479,p,
ESTAT:DEMO_PJAN(1.0),04/12/25 23:00:00,A,NR,Y_OPEN,F,FR,2020,16529,,
ESTAT:DEMO_PJAN(1.0),04/12/25 23:00:00,A,NR,Y_OPEN,F,FR,2021,20957,,
ESTAT:DEMO_PJAN(1.0),04/12/25 23:00:00,A,NR,Y_OPEN,F,FR,2022,24158,,
ESTAT:DEMO_PJAN(1.0),04/12/25 23:00:00,A,NR,Y_OPEN,F,FR,2023,25283,p,
ESTAT:DEMO_PJAN(1.0),04/12/25 23:00:00,A,NR,Y_OPEN,F,FR,2024,26943,p,
ESTAT:DEMO_PJAN(1.0),04/12/25 23:00:00,A,NR,Y_OPEN,M,FR,2020,3054,,
ESTAT:DEMO_PJAN(1.0),04/12/25 23:00:00,A,NR,Y_OPEN,M,FR,2021,3766,,
ESTAT:DEMO_PJAN(1.0),04/12/25 23:00:00,A,NR,Y_OPEN,M,FR,2022,4530,,
ESTAT:DEMO_PJAN(1.0),04/12/25 23:00:00,A,NR,Y_OPEN,M,FR,2023,4673,p,
ESTAT:DEMO_PJAN(1.0),04/12/25 23:00:00,A,NR,Y_OPEN,M,FR,2024,4824,p,
